candle_24h,nbTrans,volume,fee
15706,31896,1491978.9455664007,0.15682109950617285
15707,39433,1947296.2427246508,0.2095888192156862
15708,42309,1742042.5548843802,0.23248967586419744
15709,48589,2328536.9041806497,0.2516314588888888
15710,39596,2100349.6978509305,0.2223269103546099
15711,33026,1101232.4396392696,0.24045287510344823
15712,40288,1492637.9386186996,0.21393008773809516
15713,38624,2147948.01943461,0.2436562166917293
15714,43190,1720210.1484403508,0.2521924924615385
15715,52539,1335111.5908840704,1.043497137006802
15716,52749,1332342.5426588804,0.3635212543589743
15717,45671,980520.6654973998,0.300531210409836
15718,49441,886111.6136161002,0.29453182022556396
15719,44560,1119697.5522372099,0.22214702121019114
15720,45022,2092810.835307919,0.27744014016528934
15721,53629,2235038.364272102,0.3146554080152672
15722,48100,1828926.937996231,0.34118366801801814
15723,49139,1655101.0421214395,0.31078708818181805
15724,56170,1542714.3299501203,0.41260942084415586
15725,41371,1199630.7625162397,0.2537513818461538
15726,40441,1152751.4575347402,0.22425299613636362
15727,43752,1463697.9200797598,0.23038869909722232
15728,46678,2413364.5827170396,0.35242404753968254
15729,46221,1616949.9583276,0.2821911921794871
15730,48511,1564347.82846358,0.3022991408759123
15731,52366,1344171.74612866,0.3071036893589743
15732,55413,1471814.5888811504,0.3160239998675497
15733,52180,1690349.0161367801,0.29350084210884364
15734,51703,2426699.9486301695,0.31402210234177225
15735,41219,2692071.856304969,0.22803165562091499
15736,51633,1589397.7543035795,0.24764845020725385
15737,59382,1813676.6673823898,0.35568041877551015
15738,54465,1354020.5829963998,0.48291051555555536
15739,61164,1389161.4799109104,0.27985645198924736
15740,55005,2012536.758778199,0.27572879091463415
15741,53420,2006309.532811339,0.25363878203592805
15742,42555,1860603.3430080304,0.22084199075342464
15743,61237,1728717.48548849,0.31532822357142853
15744,60921,2189719.726647589,0.32623905635761585
15745,57750,1816284.6036169203,0.315683644755245
15746,56443,1370569.5892946909,0.28078771714285705
15747,57594,1328240.5831556702,0.30683178691823887
15748,58551,1273851.4583298995,0.34877369589928053
15749,59090,1221054.8355689105,0.32820224883040927
15750,50928,1502365.26186876,0.28776957754966875
15751,55647,1285435.3398249503,0.3201376125139663
15752,51433,1268206.3358484798,0.26866343920634933
15753,49635,1145511.7571534503,0.2490032418085107
15754,50374,1236821.96972702,0.2800558801242236
15755,54519,1456405.9595389005,0.2918878840251573
15756,59748,1200831.6777604995,0.2586620996373058
15757,55916,1050131.20155191,0.29255912630681835
15758,62171,1578721.3324277813,0.3132424372941176
15759,57886,1283683.5868593405,0.2937804393902439
15760,57164,1707485.582720669,0.28862171461538455
15761,67144,1869807.1719806208,0.32660268622549027
15762,63438,1633163.9133902804,0.3429001360843372
15763,60949,1537173.6201868493,0.2825983732642487
15764,63021,1485857.8408110612,0.3613829329761903
15765,64535,1647857.63740174,0.447422846776316
15766,55825,1496205.8392943894,0.35285682703448257
15767,54459,934113.4728115299,0.2793113998136647
15768,64044,979042.0445304299,0.3085964063128491
15769,56868,1938816.934615141,0.3697105450359711
15770,62760,2323920.5660987697,1.014632063354839
15771,66770,1659536.9891012902,0.38540778637500006
15772,55857,1209131.414978501,0.29763496237500014
15773,55546,1024157.1787966,0.30837775810650897
15774,73844,1241733.7335769702,0.33498264289617485
15775,59289,1007494.5240776495,0.3043841009756098
15776,48484,1491939.3832060897,0.4937007350370372
15777,56690,1505965.8431692105,0.3356460401273885
15778,58069,1188984.0128572907,0.29381788659217883
15779,62776,5346419.926040152,0.37799623883720945
15780,34187,2307843.5278468705,0.17964790891428573
15781,35348,901237.4785814601,0.15166146047846885
15782,43485,3770851.6644202694,0.19911961715789472
15783,46108,1944707.41755042,0.303848944117647
15784,46276,1888210.0754918996,0.17578471161137446
15785,55564,2041885.32310167,0.23215751999999995
15786,60584,1520085.0904457,0.2959471500873362
15787,52914,1438447.3298563813,0.24238480764976952
15788,51335,995637.74768031,0.2149633255026455
15789,48993,1544997.6112032905,0.30812547270833335
15790,49061,1848864.3870634993,0.30022226523178813
15791,53207,2738105.1062303702,0.45825510603053454
15792,60989,1826700.7578184588,0.3342248990163935
15793,62259,1460447.7939021206,0.34896193568965495
15794,59196,1823180.6577932895,0.37039678034682066
15795,43986,1540937.8177047207,0.27132897988165666
15796,52770,1449066.350971951,0.21789282439393937
15797,63276,2588519.047288242,0.33812262834254164
15798,63941,2371324.931584811,0.4044229156571427
15799,66892,2292667.7114630197,0.4954095258441559
15800,61373,2062457.6416251613,0.3622699848101266
15801,51718,1333262.4873776,0.23836221625766865
15802,63541,1089589.6635099098,0.3290198386585367
15803,61680,1528795.79372436,0.2985186847741935
15804,66979,2079535.4701106597,0.2799492813636363
15805,63881,2880396.2602004413,0.33857241607329863
15806,68407,2399992.4660332515,0.3960539862500002
15807,58690,1774103.0002262902,0.3261242323121387
15808,53517,1306301.9448123102,0.24115155371257474
15809,55471,825566.1826316698,0.348876563856209
15810,54496,1049837.7944159396,0.45287674146341456
15811,67785,1769743.0000436604,0.29396595293785305
15812,56706,1723555.4359395702,0.47651893140350876
15813,46631,5846871.99114988,0.2893653119727891
15814,59528,1873867.4811359206,0.40399057496350355
15815,48302,1097718.3723674894,0.300143667922078
15816,44224,983216.8253799604,0.18701146471590918
15817,47194,1649760.8905834095,0.3036951018954249
15818,61668,1580194.3889649797,0.3645129882142858
15819,65023,2164362.8120211903,0.38575230907407415
15820,62566,1637341.3688474617,0.35215225116279075
15821,55264,1179467.6821496608,0.23742105327485374
15822,44369,808262.6565264098,0.26543490142857157
15823,41879,579461.8821521898,0.1852652079661017
15824,51776,1889559.7793681002,0.262775367183908
15825,47599,1003343.6282107198,0.3070379290604025
15826,55327,1350721.8914078893,0.2707677982119206
15827,55429,907309.0850268899,0.3921940589552238
15828,51412,809308.0039576798,0.33181638459854024
15829,50261,504688.3551805999,0.287219357672956
15830,50332,638182.8298889399,0.2216064623030302
15831,53340,858406.0151643702,0.3189464463253014
15832,56735,973835.1190184798,0.2780632747023809
15833,50439,832093.7626809301,0.31516752315151514
15834,66774,695397.0384760398,0.4017625244512194
15835,67881,915183.6766237102,0.37369960040697664
15836,73402,675124.75254437,0.33899852274725273
15837,65428,562565.7028010498,0.3367531252976188
15838,60998,1122091.9656582095,0.3362622507471265
15839,66470,784332.1775620605,0.37264976116883103
15840,64171,752790.9070972401,0.4289647926241133
15841,61158,723462.43963563,0.5227610662837837
15842,58731,853440.7499343604,0.344122844658385
15843,52215,748211.0091830499,0.26553906624161067
15844,47820,423542.7313106802,0.3022009246153846
15845,48821,540663.95540007,0.3368641811627906
15846,53942,674482.9495352,0.30800945410596026
15847,51990,738074.8590840203,0.31979958775641015
15848,59789,712349.9549766597,0.32449175235632166
15849,55401,759741.6813637096,0.28598721461538457
15850,51280,735659.2724955697,0.2865227847878787
15851,40722,388698.03030116,0.19342907791411051
15852,52758,666608.3738345904,0.27777540982954546
15853,57070,705680.5312962997,0.34676752772151914
15854,55060,793664.29455616,0.3104373569642858
15855,57426,629587.8097472998,0.2652583843016761
15856,54346,678617.7782581605,0.25749307188571413
15857,54311,485579.40437215,0.19366502230046947
15858,49947,431875.3385813399,0.2453646118592964
15859,55874,780446.2364782104,0.2764528287323944
15860,57622,661631.3010407502,0.25451990079812215
15861,56560,681339.36436182,0.3267827672826087
15862,54638,753930.8785810304,0.22796784580110485
15863,52188,678143.2675677697,0.24324128590062127
15864,48218,399038.35574934,0.2545606063535911
15865,44471,675161.0302859301,0.22672519893081772
15866,45000,490545.12994932994,0.19814751287356328
15867,49663,598337.2908555102,0.2648203812222221
15868,45907,562038.7800447202,0.20959420866995077
15869,43193,607556.9546026998,0.21977844838709668
15870,50172,722485.1901726206,0.201781260611111
15871,35826,415381.8108453599,0.19084548820809236
15872,42966,520682.44185720006,0.1691161312972973
15873,45943,578844.96411583,0.2541598032413795
15874,46017,643222.15566893,0.26979638607142853
15875,47031,582605.7976171102,0.27506304558823524
15876,52515,728607.9747608106,0.4538357029870129
15877,47027,712791.5281907995,0.25589925345238085
15878,44594,435026.7321188299,0.3158197587499999
15879,38507,340381.45436493016,0.1993761915757575
15880,44245,610053.0422976103,0.2612823838
15881,44629,717288.4712308699,0.21525948547770715
15882,45627,627165.9003310698,0.23158318241379314
15883,46128,564885.2213749001,0.18410043017964078
15884,49552,659916.0797392998,0.2845640394082841
15885,36545,532545.4665411601,0.14430402615384616
15886,30953,414309.7617030301,0.1901754333333334
15887,39128,868945.4266260004,0.15368369802547777
15888,39650,735821.5743717201,0.23256787143790858
15889,35531,817460.9062367603,0.15312435695652188
15890,35292,854939.2747115401,0.14140203187878797
15891,37037,1074563.2906985297,0.17456194870967737
15892,33372,700586.23953932,0.15942782229946528
15893,30356,643880.6269586699,0.09903732564516128
15894,39629,837670.9307680702,0.1708531627083334
15895,40832,1160903.93136742,0.18783925264864867
15896,39238,1085169.04960412,0.13538254979487171
15897,43434,1058476.9865527307,0.20298911660919555
15898,48260,1021508.4696403102,0.1998642563636363
15899,37970,877018.0242665104,0.2140628115286624
15900,34933,582276.5471818099,0.13332668156976754
15901,36754,702810.6260871302,0.136174915
15902,39392,951379.7685434199,0.21876289878048785
15903,40643,1080936.1376780889,0.18306199907608683
15904,41170,1005895.8949384101,0.23223476881987576
15905,36759,819430.5514326002,0.12350661766081869
15906,33702,495922.4469536502,0.1235336793010753
15907,35456,496772.6105622905,0.12339684557788949
15908,39979,903335.2894468002,0.19860291212121226
15909,38432,1012489.3670389297,0.15211828929078017
15910,42361,907645.6402312405,0.2240255433962265
15911,42530,811961.7465707399,0.23139865986301356
15912,37373,788332.0111666997,0.12392557146341468
15913,36892,461605.52506848006,0.17757775171270726
15914,37302,618903.8238382098,0.14179865660714291
15915,41812,747853.1195039602,0.17084846000000006
15916,42133,1007108.9470715699,0.19119781345177658
15917,49524,863767.5596820096,0.2591946895263157
15918,50904,1147305.4249818702,0.21661340435028245
15919,51681,913464.1109076304,0.15171983124999996
15920,45746,676761.1740333702,0.1555017390588234
15921,42946,510656.3112936696,0.1760273761452514
15922,51001,851665.9578791203,0.14734779354497357
15923,54369,760801.1325065099,0.2193718794736842
15924,57606,813434.5173145297,0.16965378629032254
15925,58022,725445.14820294,0.23956143346341452
15926,49658,621565.7682291102,0.22506587128205138
15927,51695,517054.8433238899,0.14117103657142863
15928,38422,429554.2293416297,0.15205126143518524
15929,50228,847386.8341265003,0.11745640166666664
15930,53080,1301581.43854274,0.1625602421311475
15931,51660,1341894.8532690492,0.26314052714285713
15932,58129,821528.5495820806,0.3723523712941178
15933,71119,1073581.7957928602,0.2794465043452382
15934,56546,1006280.9182906202,0.15221884400000005
15935,56397,787710.9406826897,0.23684722541237108
15936,71314,1115101.0196980797,0.27485145536723166
15937,63228,972227.2130012804,0.17987213478947373
15938,60531,1275639.2973177698,0.16402480938775502
15939,66812,823544.6766260404,0.17949792222222222
15940,55195,826429.8584936308,0.172790180867347
15941,51817,567935.8937663101,0.15153101349726775
15942,44447,555654.04702813,0.2004658884105961
15943,56093,707687.3928862802,0.24582188963855434
15944,62187,910293.55172412,0.23577750147928994
15945,64747,784253.7602409093,1.4653650708988761
15946,58992,2639151.650220768,0.1430671817460317
15947,62603,831648.3348831197,0.21420458526829264
15948,47505,878729.1739754004,0.14002626596412554
15949,46598,823389.1154594602,0.1129019342081448
15950,51266,813920.6209656005,0.22048799637209301
15951,52163,949784.9403215898,0.16099071572164947
15952,52979,912174.7133850204,0.1660220288343559
15953,60730,887243.6611421002,0.18224820290502788
15954,60850,701587.7053906596,0.1810316969189189
15955,51967,629569.92945768,0.16895943075862063
15956,46452,398165.85045693,0.16651101617834393
15957,57676,1030766.7565851298,0.15039904463054188
15958,53283,645379.1504623098,0.13363199790575916
15959,49210,831685.5440353297,0.11277501505000004
15960,52300,703128.1010985096,0.1424629714553991
15961,44834,654237.8652123499,0.10276096181372546
15962,43560,572122.2832939299,0.09283259399082572
15963,53672,403507.5481552101,0.15274132193370163
15964,51885,678260.9667399102,0.2675356292857142
15965,67931,627615.1853985704,1.6913645462569833
15966,60551,806994.2697530906,0.6515718624848486
15967,59815,833883.7812329305,0.4828730229473681
15968,58994,734309.0158758201,0.13504423980000002
15969,52498,452074.3134450302,0.1415625185714286
15970,50903,495219.38307075005,0.12950897443349751
15971,65328,1001051.6013362397,0.18797089766666666
15972,62592,949071.8653525005,0.1446237024528302
15973,54548,827286.0876558799,0.15079594747572816
15974,57545,745552.0808113503,0.1680865461111111
15975,46920,690114.85160644,0.4641565448314609
15976,42580,533432.6992054399,0.1473790649152542
15977,41181,554128.0152997201,0.15203233476470587
15978,47156,826774.0366654203,0.15798673509202454
15979,57171,1088077.9361221096,0.20930345203208547
15980,61964,1187078.8644554596,0.20902111581151825
15981,59551,927030.8008510099,0.18393440135678396
15982,51940,802173.6907206401,0.1376266383888889
15983,45479,448746.40709532,0.119006506347032
15984,42857,419308.2664216398,0.11436405643243248
15985,44547,688597.9799494101,0.20882789371794858
15986,45131,720282.91211955,0.10640934031055903
15987,50673,904684.5609582004,0.16969316357541903
15988,56853,753238.3640960499,0.16175981057291663
15989,51922,829546.5766185604,0.12308085989189183
15990,49474,697904.05513336,0.15022320481308413
15991,51304,712638.6929774203,0.13938610266968332
15992,57452,920794.5864160905,0.13214681104
15993,55826,924504.8132575102,0.14862729888461543
15994,50826,1022744.3372776199,0.22475736176190472
15995,46870,847370.7277264702,0.21867979089820355
15996,59661,937574.9650876404,0.1997813103125
15997,55311,1007342.9320243598,0.16261106251121066
15998,49418,722759.7607426302,0.14315129341708543
15999,60451,1059197.27414245,0.17850477146919427
16000,65048,1207623.104648381,0.1701227802448979
16001,55314,1090723.8739802605,0.20713944588235275
16002,63634,1029103.3027882611,0.2361160934883723
16003,57471,2817468.4774954794,0.2173412004255319
16004,47747,686765.46939462,0.19419384857142857
16005,43691,509803.6488849602,0.3226273660893856
16006,51104,645713.4670990496,0.1781913702285714
16007,49930,1686428.3470391303,0.2153443312499999
16008,48446,717093.1600917703,0.15242321512820506
16009,58181,685268.2529846802,0.14207923767772504
16010,45371,636845.85321991,0.16828657889423074
16011,39181,649240.3648900698,0.11648990490099012
16012,35947,593816.3634969798,0.21291371546875004
16013,45523,974062.71460443,0.2657941326666668
16014,51597,1115521.3780537304,0.2717193587931032
16015,55008,916641.1744734601,0.8934084811656441
16016,60535,1211667.3643047393,0.8923783563888892
16017,59223,1071531.0067289595,0.797165464701493
16018,55204,900392.5000157407,0.37873952189189175
16019,57538,801259.5681175899,0.268032787251462
16020,57405,748279.4895538602,0.33274608363636365
16021,58307,1109036.94013873,0.11199618064676616
16022,64870,1267483.0822768302,0.137156497202381
16023,69413,1155028.5940023991,0.12644057469945347
16024,60914,2576469.3580795904,0.10431503403614459
16025,47175,1491006.2833924794,0.07353602989690722
16026,51323,1158208.9226962603,0.0918669683870968
16027,79032,2124183.59639462,0.17456270076923078
16028,92907,2269134.47189089,0.19625997571428566
16029,77558,1690347.1198273408,0.1541430004268293
16030,71822,2192970.79045371,0.17705384286666662
16031,76947,2393219.9973576497,0.13544998087209306
16032,72545,1533323.4233116293,0.12362420758823527
16033,60861,1518872.5114653697,0.1043806664880953
16034,71793,1449270.8026599302,0.11330177884393064
16035,83383,4028498.095256141,0.15872275031446534
16036,95531,3323866.0138238985,0.17579601971098263
16037,98921,3418563.3538554506,0.16983409745856365
16038,90084,2602929.4768034485,0.15081320566473982
16039,75190,1866753.0337690902,0.11466492465909096
16040,72142,1494457.3633032714,0.09682481651282057
16041,75570,1424490.9049735302,0.1329403184905661
16042,77667,1190034.1622428393,0.10202963179999994
16043,79624,1348811.5823499584,0.12182599081871351
16044,83283,1550468.1263603894,0.13261804635294122
16045,72099,1163609.9891711003,0.0923155401442308
16046,67712,2357745.2902005003,0.19226276158974356
16047,47477,1219503.568917979,0.058391951179487214
16048,63625,1216713.74314945,0.09683159636363636
16049,67623,837532.2577056,0.09115064875
16050,67305,1113758.03415721,0.1057330955151515
16051,58219,915052.38521607,0.08798319411042946
16052,60115,914506.2430283898,0.08697798637931031
16053,54057,620226.5943545598,0.06263148585858587
16054,52308,462646.4293682402,0.06508226412429374
16055,69382,2092813.0868513603,0.07813657577114425
16056,67740,1586643.4381141795,0.07491056916256165
16057,81510,1996820.80611571,0.09369081075376885
16058,70278,1364026.9250551597,0.07296307004424778
16059,65083,940326.3078764004,0.09126023252808993
16060,56083,977633.7192249704,0.07723541658385091
16061,52897,920403.1394986297,0.06784198254437869
16062,54267,722235.1937913997,0.07082889222222226
16063,55865,886524.5499626199,0.07139790579881652
16064,55428,878219.3137555501,0.07603608895061725
16065,51276,620433.4835848798,0.07423679588888887
16066,52674,606017.9449516102,0.06673523548913046
16067,48009,614290.1353284903,0.07772447366666667
16068,51325,837535.4318256002,0.0866162776190476
16069,55613,814654.6425677198,0.06787172780346823
16070,48847,508295.9641194399,0.059706574728260894
16071,43070,538983.2920840499,0.045684597658536594
16072,54770,709298.4927107405,0.10307378059701496
16073,60980,897783.4573794402,0.08583471310559009
16074,52052,635106.0755765899,0.08714537957446808
16075,58662,934422.9438468603,0.07221826730569945
16076,67358,997845.8490469598,0.15864641215053762
16077,62911,924867.9333289298,0.08774227497175142
16078,61439,799048.9548847099,0.07318644
16079,59031,597510.9775765699,0.061870962367149764
16080,54166,569351.6094948096,0.06704799791443848
16081,55856,425028.4018260901,0.05835480490476192
16082,50537,421547.01466838014,0.056994173671497554
16083,53461,529745.6571676603,0.07094974195266274
16084,57378,749007.4999401796,0.0993196716666667
16085,61612,605639.34324773,0.09157736657608698
16086,56703,605276.84818911,0.07160678881081081
16087,59026,426181.21767062997,0.09651509980263163
16088,51573,357883.18006107,0.07312164643678158
16089,48005,567071.2878087298,0.06758271461538462
16090,63003,784430.3025798901,0.07834859010256413
16091,72577,622105.80791039,0.0939703289156627
16092,65835,493075.8963730202,0.07698992999999994
16093,63576,512798.03151445003,0.09489486531073447
16094,65600,747873.4574907203,0.08089488841269837
16095,53864,463780.2736708299,0.07183659078787877
16096,53582,399122.97836039,0.07729742190789474
16097,64374,907240.1300907902,0.07734316477011495
16098,65762,648369.5370177401,0.09193478207792204
16099,59682,485524.85479660006,0.08758719217105265
16100,60799,531188.20260698,0.07553980710227272
16101,60269,409190.88423900004,0.07814764940217388
16102,54838,452663.5986393298,0.0604393972486773
16103,52483,492688.4157898701,0.05808060306451614
16104,57600,482423.65230912005,0.06709434154696134
16105,69799,793134.5417521399,0.08268841476744183
16106,67529,800217.0139363399,0.08226146744047622
16107,70160,664620.6976725401,0.08249685681318678
16108,70514,867398.6647555396,0.09876900503225804
16109,65009,569456.7919677101,0.06740104549450548
16110,56579,491172.0021583102,0.07704009804347829
16111,66850,802093.1247646604,0.08422802256410254
16112,67229,701410.5387039201,0.07985845268292684
16113,62126,619251.5189081402,0.09009474943820228
16114,67339,646304.36054235,0.07893268151685393
16115,74889,729124.9750386396,0.08951616712041888
16116,61896,963648.9787181497,0.06714477716577544
16117,57531,628651.4744466799,0.058067583333333304
16118,60853,505521.0846339803,0.15201098580645164
16119,65408,501226.9222505798,0.08189828527607361
16120,70142,461038.04781280993,0.07229401750000002
16121,71144,563356.8614576999,0.08370703717514123
16122,69390,521821.9331380502,0.09136874184210524
16123,58673,401810.9719020699,0.06842531438888891
16124,60074,415338.34789087006,0.07170254726190475
16125,73796,776198.3130485896,0.07968482560209425
16126,80082,1091107.0155209098,0.10999050633540368
16127,73176,697463.1569246799,0.08077822233695653
16128,70859,578796.5016018996,0.07667125702127656
16129,70290,593174.3946023202,0.09065124944751377
16130,63402,824438.3758487899,0.08747071402777777
16131,56635,555305.9433605503,0.07735075664285719
16132,81264,1068743.36684728,0.1164545195945946
16133,84600,1026802.0341173596,0.11667279214765103
16134,72392,688295.9949305604,0.0918038469871795
16135,70527,629317.32733222,0.08471526595375722
16136,72345,2470773.4586512307,0.08350079138554217
16137,64590,1585837.1661943002,0.06919200559523807
16138,62161,947172.4039732697,0.06860394184357543
16139,70884,1521682.9465049894,0.10917555879194638
16140,76204,988209.0463941094,0.09103162148809522
16141,76339,1058791.46765158,0.0907538441208791
16142,72805,767859.0098292697,0.09043760024691361
16143,70615,628708.1359689698,0.10267160240601503
16144,60308,585263.3653147704,0.06614302321212125
16145,59332,389239.43818191,0.07241579187134504
16146,66396,555550.20544395,0.0812525670807453
16147,54142,2645634.241428331,0.06672175821917804
16148,73804,1107106.0624492299,0.08425906975
16149,71002,684384.7819127596,0.07759390169491528
16150,73101,603958.4112572504,0.07891090672043008
16151,66613,420859.90788230987,0.10337910176470584
16152,57811,337434.36970348016,0.05202914140186916
16153,70901,675216.63190551,0.06896892388297872
16154,71817,547290.8197181403,0.0925884945859873
16155,68315,521418.6761173599,0.09527157364779869
16156,71719,792964.8434070402,0.07954602682080929
16157,67099,828171.1591731199,0.0708440647126437
16158,53214,401840.95332459005,0.05591064640000002
16159,56817,601856.8248527702,0.07790429764285718
16160,65042,750539.6659050598,0.07021420049999999
16161,64136,687092.9128818499,0.0720211741520468
16162,67266,754285.1802514903,0.06745091350253808
16163,67024,789006.93231773,0.06593127955882355
16164,65692,670524.7813643998,0.06934533194871795
16165,55763,730633.8189265102,0.06528858368421053
16166,50010,443646.54863990995,0.06853350317880795
16167,65810,467993.2298851999,0.0940058094039735
16168,67841,460051.0421968,0.11017604052238805
16169,65217,606914.2646302,0.12592620341614907
16170,68087,829446.0234847802,0.09290939851612898
16171,65777,785708.7834552804,0.08261701343195267
16172,47631,403256.0236471299,0.056215144347826075
16173,51684,415325.11039677,0.05553081887700536
16174,70276,616400.27291203,0.07978331170984453
16175,72802,669477.8486285802,0.09064640208791211
16176,68594,808972.6864872,0.08977639308176097
16177,65201,814110.1297786401,0.08879614183431957
16178,56996,781666.5723175501,0.07600070450000003
16179,53515,460095.56668043,0.07932797955974842
16180,49043,419106.17338328,0.061050037359550564
16181,57840,721085.84967334,0.0726159089473684
16182,78042,886317.3471755099,0.09931318084415584
16183,74878,680344.1724695102,0.08895719357575753
16184,72736,441358.99904739007,0.09908428192052983
16185,72650,557906.3854558497,0.07496934631868137
16186,52127,338760.55493454007,0.0559900319018405
16187,52497,304687.3899880699,0.06598044638418078
16188,64546,582844.6362665999,0.08414632230263154
16189,65037,564811.5169749401,0.07370541374269006
16190,63638,488615.8057375401,0.09455197525547444
16191,59658,449043.55572751025,0.06162676335227271
16192,60172,659003.8665898403,0.07396315614906833
16193,54168,557844.0455335198,0.0724605745774648
16194,51769,428868.4530358702,0.06546544331125828
16195,68093,635531.6342903101,0.10887724656000003
16196,77228,687403.1880915094,0.07733955907216494
16197,69825,840071.9568701304,0.08516807125786165
16198,68937,1349234.5323341803,0.0813433279640719
16199,66293,1255094.3922771602,0.091611909
16200,55954,669301.9829512901,0.05597142145251394
16201,52590,450023.28192904,0.06381690250000001
16202,74367,553589.89881538,0.08492912829268293
16203,69388,677542.3378978801,0.07641585629629631
16204,69808,729099.5183882104,0.08053534120000003
16205,74893,826657.61641078,0.07486163625730993
16206,65433,651741.4252154799,0.06428716480662988
16207,53511,486627.9248621701,0.05381676658959536
16208,49878,273827.72763519996,0.050653060755813946
16209,64094,529418.78619045,0.0678874895238095
16210,71520,1500132.13561311,0.07562202632768364
16211,68905,724297.9235768403,0.07311621040000002
16212,73343,773918.6402085703,0.0741858836627907
16213,72810,1247509.8533043698,0.07714521260606062
16214,52872,915433.5492300707,0.07295714474025973
16215,57566,841110.0237382298,0.06300921434782611
16216,67205,762518.0521822504,0.07998571822784808
16217,68524,951817.2494453398,0.08927469661764706
16218,72338,869282.3391829599,0.08260226473372782
16219,65362,659714.0451184302,0.08476138148936169
16220,65127,929717.7561265501,0.06945000640718565
16221,52172,588130.1598519001,0.06563066891156465
16222,55266,742776.8990236694,0.06149804159999999
16223,64434,952286.4730044198,0.060644726062176205
16224,69911,908173.6934460399,0.07563482589887639
16225,64952,1034316.1335030199,0.06623444718232045
16226,66945,950750.3913461799,0.08124932809210528
16227,62342,1049433.7224838198,0.07770284863309361
16228,51219,606102.6959269203,0.05677226864516131
16229,48389,773125.5882461196,0.06527518485294118
16230,59875,389374.16804036,0.07112291288461539
16231,64625,602965.75284129,0.07111723329341321
16232,62827,533894.9103442301,0.07721465931506846
16233,65018,1112487.7164625695,0.07584828436046513
16234,64739,746631.5272502805,0.07084671226993862
16235,53639,460658.23008859006,0.05109683752808988
16236,53916,447016.40928443015,0.05020268310526315
16237,67380,741328.7976102903,0.0632886487234043
16238,69588,480710.0554778,0.06494592994565217
16239,63851,547991.0844134501,0.08161030240506333
16240,62454,723576.4639288201,0.07018008419161678
16241,57381,563146.48638239,0.05761228139784946
16242,51173,461927.0467461002,0.049405818279569934
16243,50106,528066.30752328,0.050118598888888886
16244,60316,623778.0455839603,0.064316025625
16245,64883,882381.4950343805,0.05884316361702131
16246,64397,503311.0500893399,0.06609779572192516
16247,61432,513326.25097798003,0.05926412321637428
16248,62966,487614.0459791801,0.05432450984771573
16249,54392,339025.5711616101,0.05090157620879121
16250,49094,352851.56286454987,0.055521350063694255
16251,70231,686283.74754687,0.0900696731060606
16252,69330,890253.1590597101,0.09851227969924807
16253,66695,944051.71506596,0.09303110766423356
16254,62849,604883.4645470699,0.07896260647482017
16255,59494,389934.9865020599,0.06093030933734943
16256,49909,422528.13213258,0.05443195368421053
16257,52139,373704.72160021996,0.06498929309859153
16258,64686,470317.6104289702,0.07479125486666663
16259,70201,369021.73894531,0.08192257239999999
16260,68499,467364.72573807015,0.07039957337349396
16261,64605,517645.02380387,0.07507287993288593
16262,59077,423733.2976990401,0.06968451288461536
16263,53438,469210.50720462966,0.05547666242038216
16264,52426,482514.8328894801,0.05890602068750002
16265,62761,508730.2065813899,0.08710965696296291
16266,72267,563986.19471175,0.07867585138364784
16267,66746,603225.74427991,0.08893230076388886
16268,66706,470716.67225069006,0.06880087889534885
16269,64024,514375.7576017099,0.06934624168604651
16270,59553,308098.5165698299,0.058497926214689286
16271,51965,283154.3132240301,0.057938885612903245
16272,64183,446119.86718807014,0.06824645077419357
16273,66858,385105.17693014,0.08248905239436623
16274,66883,414650.40002513974,0.07540271479452054
16275,66276,536981.6774972301,0.07480781335664337
16276,61498,495814.69960944005,0.06314832061349691
16277,56333,309235.9587126998,0.06522028843283584
16278,51993,259702.95768055995,0.058269685620915036
16279,64744,489947.4798706602,0.0690034702
16280,61607,495080.2014744501,0.06976824261744964
16281,66153,420687.4495900099,0.06414159366279072
16282,69782,429008.3497055398,0.07310313467532466
16283,67915,465864.5606988498,0.0680200903184713
16284,54955,389349.16771749966,0.05192706116564414
16285,53621,421225.07732614997,0.055519580064935056
16286,67847,428826.62552545004,0.08669876249999998
16287,72823,618996.1627663199,0.08965500733333331
16288,80402,465456.20366908994,0.08025842268292681
16289,69890,433649.1076229302,0.06859006106249999
16290,68297,338839.1179869202,0.07068120234177214
16291,60751,362658.57927059976,0.05127315054945055
16292,57913,363132.0733888997,0.05554393898305083
16293,75575,559067.8898127999,0.06733341456043954
16294,76982,737827.3733812701,0.07197908442528736
16295,75738,708436.2300735298,0.08565316213793096
16296,79083,747450.2330389299,0.06778155077777778
16297,73193,771484.02249828,0.07296223993939395
16298,67974,673986.8053887006,0.0826057251265823
16299,60196,502051.07992541,0.21951376335294115
16300,72765,1016644.6603182897,0.059381465454545444
16301,74929,634680.5662125201,0.06898848822580646
16302,73902,565109.1946998303,0.07082536153846151
16303,73164,769920.7782535601,0.06928013339393937
16304,67058,3177647.741953332,0.06866757968152867
16305,57593,704590.9599891999,0.05322907271604935
16306,56695,415572.73288827995,0.06194851123287675
16307,69894,951963.7440038299,0.12009769467153282
16308,72759,1790088.7887663196,0.06688522682080925
16309,75646,1443308.6607837102,0.06920864946745564
16310,70212,740835.0211738502,0.061633434566473966
16311,68614,593794.3241105699,0.06133991423529413
16312,61075,597886.4286112904,0.05017597263736264
16313,57620,512187.38459756016,0.04724890611702128
16314,70383,708067.73216983,0.0802410549264706
16315,71909,574265.5103343701,0.0788914293877551
16316,71868,502331.38738708996,0.0658406177514793
16317,70810,451973.7911088703,0.07086957797468356
16318,68038,494053.52591203037,0.07614292882758623
16319,63369,316335.5748755898,0.053711228938547455
16320,60352,372332.0463590999,0.12767935767741925
16321,75766,502091.93304955994,0.08475130861111108
16322,81804,518773.26940678025,0.09667374342465755
16323,72558,472432.4856098099,0.0812028008280255
16324,66026,449455.9751351402,0.05970935523529412
16325,68384,461999.16477574,0.06951155103896102
16326,61246,329720.3027928299,0.052735774475138116
16327,67655,370679.11657083,0.07110278455696205
16328,79113,467717.9918152098,0.0778433774683544
16329,87234,434785.75789943995,0.0839276241520468
16330,80305,477371.02960152,0.06596702134408605
16331,77305,703906.6873299001,0.0689031750837989
16332,69437,709207.1747237399,0.06205139748538013
16333,63026,753370.2637527504,0.057860184772727294
16334,59800,801876.1425695198,0.05693391951219509
16335,73289,539538.2129001501,0.06973006738095237
16336,77283,788111.1370895802,0.08495944053333335
16337,74764,908964.6418213096,0.07909542506410254
16338,78519,679083.2114178402,0.07680285720930233
16339,72555,564149.0044238498,0.3570983842537313
16340,63157,519112.44034608005,0.07816178447761195
16341,61364,459790.62472955976,0.0816664062307692
16342,77893,703399.5977490102,0.08898877591240871
16343,78006,666870.4414340504,0.07925849281045746
16344,78728,700421.8543042998,0.0832615947096774
16345,72131,604404.41362602,0.08153745594202902
16346,75251,728427.3320980896,0.08292385458904108
16347,66851,653042.7003939905,0.0818206692207792
16348,67330,928155.2010335496,0.07038148207100589
16349,77934,1129656.5354239102,0.07826781180124223
16350,79069,863049.4236628799,0.09970394858208957
16351,78779,904573.3585263202,0.08702172756944446
16352,82789,974536.0041403496,0.09394864027027026
16353,80641,983239.6454385602,0.08353494812903227
16354,65020,585164.33641766,0.0720939702083333
16355,63509,473902.13031521015,0.07443335385135137
16356,77942,777900.5169417497,0.084542164516129
16357,81364,892500.9107615397,0.1004966865909091
16358,76254,1203855.5949559694,0.08311572655629137
16359,75988,1057425.4197648,0.08238341533783786
16360,70829,917671.7870074096,0.08241644366197186
16361,66477,601562.3426639702,0.06311396902439026
16362,63255,454054.11803526006,0.07934377090225565
16363,82700,830307.6779118897,0.09456901890510946
16364,81617,580884.0190040598,0.0850442694771242
16365,79897,863754.5982136603,0.07953375779874214
16366,79773,1083149.3226655805,0.08385076152317877
16367,77821,712708.3664282694,0.07756690999999999
16368,71771,914270.9944669999,0.07123130606451614
16369,70979,873318.0025235501,0.09006452991999997
16370,83977,1075298.6676551197,0.08506850276729556
16371,87942,844179.0834758293,0.0968289703623189
16372,93655,799604.9965759097,0.09208315606451609
16373,92715,715325.95702894,0.08161274494117644
16374,85680,1292593.8455687603,0.06849697010638302
16375,69641,696487.4210663703,0.0791780483647799
16376,77170,551998.1463925601,0.08158861064516126
16377,90351,1077667.4961424097,0.09814031307692307
16378,87625,1137175.1292679405,0.08346993555555558
16379,89460,958586.3654075298,0.09708807144927532
16380,94296,755795.9708100897,0.0936345082467532
16381,83957,859523.14999217,0.089460539
16382,74550,595471.2994499502,0.07221814450980392
16383,72212,536383.1464256798,0.10030382466666667
16384,88994,937478.9674622199,0.09131788993197283
16385,85618,698875.89920079,0.10367567155038764
16386,95579,1115072.5106243999,0.10287090884353745
16387,93274,1657534.6187745894,0.09961248268965515
16388,86332,954689.8513357507,0.08539079487012985
16389,73242,811752.5168564206,0.08001094921428568
16390,75479,724034.54454651,0.07684945126666667
16391,88354,838436.98664857,0.10486436409722223
16392,87524,983866.1459613403,0.08484896279220774
16393,85271,940122.15663453,0.0933365529787234
16394,89388,1039330.4071655201,0.09621775731884062
16395,82189,1318952.5221946407,0.10025279086614175
16396,74721,790590.7803521702,0.07146058616883119
16397,77283,600423.48273607,0.0838983774647887
16398,85807,798399.7886173404,0.0889987394557824
16399,86134,970483.0311384002,0.09232271727272723
16400,84059,1035796.4666527201,0.08799844897810223
16401,84682,997888.1183899693,0.08505146234042553
16402,85912,1348602.66606975,0.07888988851351354
16403,79098,978881.2496573,0.07059484993630571
16404,85013,980576.3634216798,0.07995904668750001
16405,97623,1310227.6194129903,0.10702047230769232
16406,100188,1374780.78604757,0.0952542899333333
16407,99348,1221569.8802191596,0.11777347793103453
16408,98297,1068188.73696796,0.10137605739726024
16409,90900,1159419.0533023707,0.07937402987179483
16410,81161,616557.5924854801,0.08141387080291973
16411,74796,819196.6876638703,0.08662539253968253
16412,90746,1654310.7673350705,0.09682478092024539
16413,90220,1153236.9624581798,0.08867691035211264
16414,88798,1324896.8268661012,0.08743673860139863
16415,83842,815209.64370502,0.08078237222972974
16416,81297,973005.7947530599,0.08203180907801419
16417,76207,703931.53514334,0.07104446602739728
16418,79703,620021.6771250402,0.08564274212765964
16419,95034,879169.4555253,0.10081751276595743
16420,101093,987574.4758295703,0.10539853902097904
16421,98444,1131649.1133956101,0.11862422999999994
16422,96464,1157276.44761088,0.10744392511627902
16423,95424,891657.2473096001,0.10827070124087589
16424,86901,716846.4379484301,0.09058356552238807
16425,79072,954281.5029885703,0.08596155810606065
16426,96511,1012482.5761878502,0.08537805853658535
16427,99107,1207118.42398798,0.09385227253333338
16428,82395,830833.3137416699,0.07259751830065354
16429,67914,871429.2281642298,0.058934796075949376
16430,76187,711715.3026025504,0.12696222
16431,76814,660397.5181122101,0.11296768374999999
16432,75133,694356.8396377801,0.0722596170414201
16433,84228,807518.5307237299,0.08859864743902438
16434,85017,1096629.9229203705,0.08943252116129034
16435,77442,952998.7507876299,0.07491798072368422
16436,59708,473189.4398413303,0.04910843090909092
16437,79287,732227.1628008998,0.07165273509090911
16438,82300,841797.2527124295,0.07282879413580245
16439,86606,1154738.1314859893,0.1271360898837209
16440,95585,1138485.2908289,0.10314971019230772
16441,87885,1168493.5670854708,0.08133985139240509
16442,89916,1244955.4700468401,0.09131064128571426
16443,107423,1452069.2176551598,0.11099596823129244
16444,102333,1260919.0032147309,0.10872271085714291
16445,104874,968388.56048263,0.10379911374149658
16446,90616,1238480.6100839204,0.08733589729032257
16447,99177,1034628.2951211898,0.2321868408450702
16448,103220,1781949.8469803997,0.12295286464566928
16449,104765,2405987.3663025796,0.10499859744827587
16450,120426,2579937.101188599,0.11424978112582787
16451,104699,1954797.0475564997,0.10499324374100719
16452,91092,1132467.3995659107,0.09727116644927536
16453,83434,977499.6903822996,0.09093066248366014
16454,98242,1003655.0643819602,0.09946210215277779
16455,99005,1419242.5008881306,0.12190245271186438
16456,96959,1429334.28011065,0.08993489738255031
16457,93535,1218139.9002667,0.09910427303703705
16458,92011,1031664.1761011898,0.11034156387096773
16459,84102,1197969.4524697196,0.09232706055555552
16460,86653,939864.9634650605,0.10650854592
16461,108353,2119173.18572361,0.126318127007874
16462,99135,1167824.9760579104,0.09384463355704697
16463,85233,931084.9774775004,0.07068698670731706
16464,90902,984559.1860377402,0.07464134298780489
16465,81068,891182.4051136803,0.08124453768115943
16466,86382,784966.0129817899,0.07560954650602413
16467,78893,756266.9783354701,0.07221273251612902
16468,85987,994219.9032991803,0.07836793805031446
16469,91793,1303829.04235944,0.10295184062992127
16470,90866,1217061.0549374002,0.07911609647798744
16471,86845,1249781.0654782802,0.07627677710691823
16472,85705,942154.7112055495,0.06614730576271186
16473,85759,631807.1592300799,0.07402845094339623
16474,82679,642136.1200301499,0.0890360325757576
16475,104326,868087.9711127101,0.09208803962732925
16476,102975,837890.4053345098,0.09956324034722222
16477,97023,875606.39758554,0.09116419708860761
16478,87442,740672.0484486,0.10550439487394954
16479,114618,1040879.2293686199,0.12006644897260275
16480,98775,706089.3879606298,0.09386086487500003
16481,85275,736503.3081769197,0.09873244100000003
16482,104632,735152.0296523204,0.09794055541401274
16483,103007,802089.4347478697,0.10718904436241611
16484,105511,857551.9406021801,0.08940349688622752
16485,94473,711125.5962840902,0.08175891584337353
16486,98665,793552.54647833,0.0955536708227848
16487,88001,616881.4480423102,0.09144839788732398
16488,84787,474266.83427408966,0.08173936026490067
16489,101515,832204.4271418094,0.10228698929577469
16490,105090,734786.2293965097,0.11175110248062016
16491,105394,830420.6323400597,0.0958086767924528
16492,100804,1154631.4280786999,0.09397341500000006
16493,101474,1508199.8355765305,0.0946753464473684
16494,89622,628790.6250346901,0.09504113345070424
16495,88430,1270787.31635279,0.09952090464285715
16496,104612,1915158.7455503705,0.09707663278481012
16497,110981,1119273.2676252297,0.09901270759493679
16498,98529,900939.9947809199,0.10381927921428576
16499,100916,1093256.0290623896,0.11262240280303033
16500,94348,830537.3209210001,0.1136761683108108
16501,91493,1141867.1225833,0.09333276421428574
16502,87527,2274954.46698581,0.08471413564102567
16503,105518,1126931.7789736402,0.10915534034722224
16504,105541,1129610.6180622997,0.10103481796052631
16505,99864,882305.8215459201,0.09872327409090909
16506,97043,1062466.0000022799,0.10685986335877863
16507,96119,941382.3825536402,0.09394519739726025
16508,89511,803088.6926328598,0.09426992809160308
16509,84965,580614.2872372296,0.08372858916083917
16510,105218,942371.1834533795,0.10887650884892087
16511,99561,791384.6679797097,0.11017216843750001
16512,99597,1530251.6016839102,0.09910088000000004
16513,107287,1106751.9802223404,0.12152358145985398
16514,103412,828297.5006383898,0.11822691860294121
16515,92836,648767.1488428399,0.08779190357615894
16516,90586,494624.09466146975,0.0925289659859155
16517,106018,895888.9199543395,0.12118018648275858
16518,92895,962643.65682043,0.07906835751445086
16519,97138,1074177.8255451594,0.09736014080246914
16520,101251,992108.9417493901,0.09821578094594599
16521,99549,1010167.3025967597,0.08178824444444445
16522,87375,636684.3900685599,0.08504738736486488
16523,90516,560267.5254887299,0.08342655352941175
16524,106355,864869.1159149999,0.1088583535915493
16525,115184,853657.25165509,0.10874062799999992
16526,119165,1078469.8796880904,0.12726292500000003
16527,112412,788290.3203545802,0.09470782530120486
16528,104546,741739.1985708894,0.1023275198630137
16529,89651,466174.8900898903,0.08984596699346409
16530,95023,456585.22120487015,0.10026755756756756
16531,107424,744574.9258053901,0.1276413461111111
16532,108738,799012.3878255001,0.1032951530263158
16533,110841,922913.9754176901,0.12925822216000002
16534,116637,887437.7490017902,0.14195131894736843
16535,112917,1018150.3900094597,0.18297104664473682
16536,99429,629073.6506863699,0.11867860500000002
16537,86999,482927.67354369006,0.11016873992187498
16538,115456,932872.7986851203,0.11074751666666668
16539,110204,993488.8536281104,0.10759859718120798
16540,107606,817384.2247443701,0.1268667707377049
16541,99177,1146338.4579321102,0.10178690840579709
16542,103157,1156034.68152983,0.11685088373015871
16543,97738,778686.1296660999,0.09129565123287671
16544,91175,1011429.5653854702,0.08981577868965518
16545,116746,1313191.5091363199,0.11049885545454541
16546,112535,1268863.5885936692,0.10095513065359477
16547,111878,1313270.9868734784,0.10436918421052627
16548,110287,1147684.00810183,0.2213980062307692
16549,108681,1252977.6139047402,0.125535375483871
16550,98548,942688.7252128805,0.6096301303067483
16551,92999,1104967.22295089,0.09332340173611109
16552,113775,1339966.49215276,0.11477542934306574
16553,113193,1314843.5505565791,0.10560436235294114
16554,117260,1283313.52130591,0.13290240370078737
16555,112983,1202395.5586567398,0.12486797880597017
16556,99560,1222705.2791578302,0.09282203290540543
16557,95102,841138.9668841704,0.09518157693877552
16558,84609,814759.6843475096,0.08755595581560287
16559,102567,1245101.8145051694,0.11669379359375
16560,115348,1209226.60023041,0.10599059915584418
16561,111802,1183310.7108840602,0.09808201397515533
16562,111125,1305959.2521571894,0.11344177042553188
16563,109221,1095196.2334752094,0.11069420959999995
16564,94716,891165.6800215299,0.10346851341085275
16565,89409,964880.0029374302,0.1208174527131783
16566,111374,1185811.5869576593,0.10969360215189873
16567,110101,1053433.9082844497,0.10704044840000002
16568,108858,1116788.2123346603,0.09556556141975307
16569,101584,1045569.8101567699,0.09130466006493505
16570,105215,946539.27314103,0.1028979344897959
16571,90686,766837.9326356399,0.09934574189393937
16572,87135,624835.5806419601,0.07646017789473684
16573,98578,943037.2217694403,0.10306464951388888
16574,107346,1197521.8933339396,0.12067676792307698
16575,106888,1097789.8174926399,0.10372687379310344
16576,98291,951394.8798765299,0.09335792554838714
16577,102770,1306168.0983412396,0.1111445336956522
16578,86279,952580.49243369,0.11389023383928566
16579,94044,726332.1559719199,0.09263199369863015
16580,106086,944628.1899099,0.11011451248226953
16581,108384,1012801.8402888802,0.12534385270833334
16582,108089,1155364.8812966007,0.11594997442028983
16583,110980,1013080.77031102,0.1230901020454545
16584,124047,1082144.4963514002,0.11576696759740257
16585,127801,910677.7551352598,0.12530931764705877
16586,98557,937867.5696194202,0.2663757605405406
16587,128685,1511982.9885514702,0.16442410098484847
16588,128207,1427614.34935346,0.12373768446666662
16589,127589,1374085.349457311,0.1270633740845071
16590,118346,1241860.2491724603,0.11932515468085104
16591,110201,1447942.0917095803,0.11529938333333332
16592,92696,1067922.86044114,0.08006156528089885
16593,83627,985928.1827905299,0.08699825912751673
16594,108173,1129649.8786846402,0.11047009878980892
16595,121638,1280040.3358912398,0.11733252913907287
16596,131279,1315885.1468461303,0.11883420106508881
16597,120403,1270691.6954846694,0.12888986355555557
16598,126891,1367980.3130966697,0.12931385838028162
16599,105843,1059041.01432132,0.10630526226415098
16600,103036,1314421.1875177303,0.10799650918918913
16601,129344,1488085.1458465795,0.13797920666666666
16602,121541,1882331.9780256702,0.17061690796610168
16603,133122,1896661.9932470105,0.14843479455696207
16604,124934,1470724.0438603295,0.17523140974358972
16605,125222,1862738.6554646895,0.18575132115646265
16606,101996,1106549.1839157003,0.11457762186567165
16607,96654,982028.3725665001,0.11352406564516125
16608,116004,1095639.8925503006,0.18252808947712418
16609,125560,1159177.86445754,0.13388948492857142
16610,113093,1151794.2708024895,0.104841546025641
16611,111468,954825.2733134602,0.10982401999999995
16612,116432,1523303.49053893,0.11792362785714287
16613,106004,1268853.97409763,0.12978614232558133
16614,99145,825968.9503403,0.10918430425531915
16615,124180,1334497.0974736905,0.13358953085714284
16616,155837,1669784.4943558502,0.20652939082758615
16617,144139,1307566.38408264,0.15762442333333346
16618,142119,1346062.70758696,0.1576996089610389
16619,129719,1256857.348465379,0.14157878490683232
16620,101999,896580.7214943399,0.11453566282894737
16621,116531,1157771.1260081101,0.14858119035211267
16622,174070,1515223.3255910708,0.19663336464088405
16623,193292,1272507.3413845696,0.32643623134328364
16624,201747,1278701.8229042212,0.31541293850931684
16625,191163,1327555.3479636405,0.302104414962406
16626,193020,1846251.5277427488,0.24266169149350658
16627,186200,1282132.2116623505,0.2615806127027027
16628,208685,1265050.1433552003,0.3286215838518521
16629,159695,1377993.236697111,0.21802782101351348
16630,122716,1301313.2185858097,0.20289931187500013
16631,115664,1280438.9214600003,0.17092678392156865
16632,114481,1410174.46432882,0.20449727686567168
16633,116829,1196143.9007135408,0.1635219523809524
16634,130695,912672.7823417399,0.2923288608724832
16635,120887,741667.3192492896,0.12919584802631584
16636,125770,1019544.1301885494,0.2562699021153847
16637,133785,1072092.5710559501,0.20215218748031497
16638,131259,1066782.2287896792,0.1776798246103895
16639,108877,1145989.55647942,0.18760708707142865
16640,109918,1237475.7199233903,0.13772793816568044
16641,100555,775368.3685357795,0.13146223344155836
16642,92776,605701.15915549,0.14701712590277782
16643,115206,1024792.3733058897,0.21032093899328866
16644,119182,1230435.8523001298,0.20630682411764714
16645,143200,1124862.8712605604,0.2565962945394737
16646,123577,1045771.38149004,0.25392739007462695
16647,147503,1036533.2083500201,0.25005729357615897
16648,147481,795128.0457665601,0.210801131935484
16649,103600,652971.4522552697,0.13786900423841064
16650,119844,1039238.0103646095,0.17258082121019103
16651,132547,1190335.5515066308,0.2587195806617647
16652,133758,1251881.9519938203,0.2548728422556391
16653,134838,1164782.0996429203,0.25909303671328665
16654,111345,1135247.9661339396,0.1829204640145985
16655,101512,1260644.0419066402,0.13917581422360253
16656,90534,1243911.31982422,0.13382736964788733
16657,116841,1252737.0540344203,0.17106976886227543
16658,114741,1189959.0041697302,0.16105170641975314
16659,117898,1367337.1758412805,0.20311835746031748
16660,117507,1476997.2123501005,0.16792688442176865
16661,111255,1396733.7610488497,0.1708618472535212
16662,94944,1051601.12839156,0.1498110832116789
16663,89498,1102992.1446406692,0.13734427608695654
16664,115049,1534698.4144735201,0.1599002214285715
16665,119798,1838006.1403151592,0.18159330404255325
16666,120151,1672000.1938903695,0.1549277975
16667,118230,1614044.40955466,0.1718369477333333
16668,113792,1443062.6605751005,0.14063342103030302
16669,105665,1298520.2888076794,0.14175883512658233
16670,94529,1054276.8878365601,0.1543288520149254
16671,125368,2044762.559241031,0.16913150529032253
16672,121973,2090682.3965246296,0.18696720074074072
16673,122852,1602665.0823333305,0.15626367316770187
16674,120079,1521364.301735919,0.17426953072992704
16675,120385,1696745.70956622,0.1576932818064517
16676,107489,970603.2076513497,0.13349518881249994
16677,98339,796372.9679331997,0.13009817473333332
16678,127260,1289203.0263143305,0.17559950292993629
16679,130410,1450189.3593363399,0.16406214181818174
16680,150066,1420760.4037392593,0.336802589125
16681,128682,1244428.4571727994,0.1916046239041096
16682,103973,1126207.63630026,0.16078815326923077
16683,124218,927671.4473111497,0.18943694775510206
16684,106293,974590.2220554702,0.15188605152777773
16685,125467,1037449.43822172,0.19541874328947356
16686,125379,1405755.7252458197,0.18839391654411766
16687,126457,1322667.4897244403,0.18234074348993284
16688,124951,1388529.8126110395,0.1625322125146198
16689,180002,1229166.2866688194,0.24100833993670884
16690,137740,792194.7014388099,0.21544189296296298
16691,146048,857284.6869776298,0.1679889151655629
16692,166715,1274802.3645335604,0.20540454526315782
16693,162999,1328808.2468498596,0.18049936568750008
16694,167269,1447703.3513568605,0.18383566873239449
16695,259279,1313550.1106781587,0.18831870499999998
16696,161504,1294189.4377599405,0.1728029548979592
16697,114851,1103841.7104861098,0.17397635432000005
16698,109158,921339.93116026,0.16604281640625002
16699,131679,1626346.8854807897,0.21797351333333337
16700,136784,1509301.54905111,0.17724331713375788
16701,131400,1275111.3866195395,0.16153086025316463
16702,125367,1218839.3838038505,0.17339011021428566
16703,128166,1377613.4355870597,0.16536267530487797
16704,115622,1031722.8631770399,0.17005665163265316
16705,108749,762307.9736229805,0.1475667897315436
16706,138570,1498942.3258588307,0.18384532496503495
16707,140664,1708232.2534477594,0.15733649252873563
16708,139848,1427955.3167106293,0.1810350681081081
16709,134327,1594273.5170091195,0.1934703536241611
16710,139746,1736936.1732496505,0.18782969681159412
16711,119567,1014633.6462569699,0.14956155903448273
16712,103531,875921.70145288,0.12657110535947716
16713,125548,1376046.4607886802,0.15260762666666663
16714,144510,1746893.7855200702,0.18173677725352105
16715,134931,1467287.9311719404,0.18772709804511276
16716,140348,2024493.0394235696,0.19190569514285713
16717,114644,1285576.0875569207,0.1833482971428572
16718,127005,1202360.83765817,0.1550566890624999
16719,104550,984354.2715227497,0.13255539287671236
16720,134410,1420597.1012291505,0.1793678735211269
16721,134878,1686833.0940190589,0.1820781604379562
16722,141985,1712379.2680132692,0.17866110407894734
16723,153495,1988422.6984714193,0.1710066196987952
16724,143286,1850429.227167901,0.19691794374999994
16725,135911,1528651.216461309,0.19858036492647055
16726,119706,1078549.9724794505,0.1577802916551724
16727,144002,1486567.8293098493,0.17156816630303043
16728,146355,1570392.1791671705,0.24710396789062505
16729,150199,1415030.64167153,0.19724574104166662
16730,147402,1578891.0610987705,0.19873032162162163
16731,143468,1457532.56793875,0.19282399288590604
16732,140128,1366695.1710008797,0.18544724724137937
16733,131488,1420121.2190067999,0.16019178832258063
16734,116400,1557555.6234375,0.1625006117073172
16735,153740,1841851.1011985005,0.19752862843537417
16736,160175,2018300.8073947304,0.2166697502158274
16737,161062,2350028.9271913203,0.22491430019867548
16738,166695,2570362.4957310488,0.1873900728070176
16739,155400,1859735.4559810404,0.19418156578231294
16740,152488,1728973.1351911793,0.17872386241830063
16741,171724,2572733.0698924595,0.2172819149673203
16742,186561,3667551.737446299,0.22176621025806445
16743,204228,11058278.803100515,0.28975340761290314
16744,182820,3728245.0619872278,0.2337782593150685
16745,166893,2801172.947535499,0.22290479006896544
16746,151343,2273606.09681041,0.1695975810526315
16747,132550,1951961.5711854405,0.16862523848920866
16748,159833,3077509.8109542695,0.19861340402684563
16749,161961,2949154.026518011,0.19997622342465757
16750,158734,3405074.01788044,0.16624116446428563
16751,157564,3009612.524537142,0.15983762521739134
16752,154080,2842723.60196653,0.15870394824999998
16753,150474,3101801.956602642,0.17236058626760573
16754,143391,2171997.4808055307,0.14381050612500001
16755,158316,2677886.975692879,0.1606628004624277
16756,156688,1941829.0023685307,0.17651359617449666
16757,165182,1817913.7214886802,0.1788471134640523
16758,154507,2040120.0684153906,0.18906698448529416
16759,155774,2234969.7923117694,0.15414022838323355
16760,150836,1483388.69583035,0.13678470643678156
16761,129659,1143630.1719317797,0.13548846197674425
16762,145272,1346455.3663182096,0.15734362104294475
16763,152324,1443783.4709255304,0.16104651032051284
16764,151597,1884928.3560519698,0.1788990758783784
16765,164671,2121111.6662283405,0.15880944806818192
16766,161425,2184786.01853554,0.2020621441353383
16767,165676,1963586.1313398494,0.17189712603896107
16768,129850,1385292.6048647198,0.14880982120805372
16769,182648,2456831.9572129203,0.21167189154320976
16770,178112,2486562.891157079,0.1871762604191617
16771,183521,2751513.0901799304,0.20183194770186338
16772,163224,2068269.6116287396,0.20776846323943657
16773,173276,2677545.434734629,0.1869972472549019
16774,186168,4911044.71853554,0.17757398565714266
16775,179712,5488139.031696649,0.19099113597484277
16776,192830,3198317.6556779505,0.22468231421768706
16777,195221,3008976.095453821,0.18735743108571423
16778,219387,3927901.761582268,0.2210526985119047
16779,212036,3245902.977829182,0.16618913972222227
16780,210259,3776131.779715938,0.27048164575
16781,204141,3362852.45151952,0.2281581949382715
16782,189914,5207976.688724672,0.23416669246478874
16783,231934,4860148.7612474905,0.20820755738461535
16784,223786,4358110.043966222,0.21836949999999997
16785,220674,4435070.19662507,0.2298888326380367
16786,216235,4177669.1026816587,0.24281338135483888
16787,213999,4061575.2695554206,0.22371823467455626
16788,213876,3879031.1997441812,0.22443955955414016
16789,193951,3946297.3234737893,0.2032291447878788
16790,229448,5318363.760858768,0.27592567691275155
16791,222717,4795572.960438568,0.2608709316666665
16792,221075,4488757.242760405,0.25358329872611474
16793,210228,4684927.76032665,0.2633052605072464
16794,180474,3913034.4978615693,0.18267417450617293
16795,179291,2698619.512888561,0.1833224009356726
16796,160271,1447421.0165030307,0.1320221718536585
16797,173129,2152309.075870461,0.2062544162251656
16798,184689,2157814.7299506613,0.19723603685534596
16799,176460,2293113.43904031,0.18659839915151516
16800,155362,1162597.6261931902,0.1796246959154929
16801,124092,957481.3386062601,0.14682078503703708
16802,149038,1037919.8070221998,0.2163862399310345
16803,142608,898547.9590567494,0.16608999165517246
16804,181354,1067068.3864187996,0.1698720612154697
16805,182371,1392599.1975862395,0.20559533038216563
16806,172019,1338104.2559595197,0.21598210255319153
16807,190408,1609819.0308928792,0.25199430700680275
16808,181407,1195551.7299742103,0.1880348149132947
16809,179968,849532.15428726,0.2001585312582782
16810,161317,1160859.9318749704,0.15975886319999993
16811,191196,1824150.7717899496,0.21120097958823533
16812,194874,1280395.9668816295,0.2041617512941176
16813,188131,1409539.8906839895,0.23161853033783783
16814,183182,1228523.94450483,0.23925480255639092
16815,183642,1728312.7695804506,0.29312062754098367
16816,191300,1473914.8592008597,0.24488287859154922
16817,204128,10358180.687542446,0.24057480132450335
16818,213905,9462153.273506247,0.22820945346820803
16819,186858,8804629.111095322,0.29833388593984966
16820,209176,3966666.4463776187,0.3058854283552633
16821,222809,5282227.943469682,0.3679153759854015
16822,213683,7717679.82261773,0.256611338125
16823,190400,29768145.4690689,0.21563627636871502
16824,201466,67354762.23550704,0.23500253900584786
16825,222150,17367466.23097429,0.2838516444444445
16826,230523,10394314.610622969,0.29385316443750004
16827,229677,13896094.575146053,0.3169580885806451
16828,225025,6084369.445437649,0.3248940542465754
16829,224394,7175478.216556758,0.27798953171597623
16830,194885,3516556.313785808,0.20887900326203204
16831,176045,1704471.939349129,0.19090522392265188
16832,222398,5353569.417849045,0.34775367608695645
16833,241722,3818602.5454266286,0.3258015256111111
16834,191224,1577346.1479452406,0.2498756033519552
16835,200661,2485172.4906586288,0.22700900547619038
16836,225488,3487723.1790085593,0.22890733781914893
16837,224339,3139421.8724663774,0.2010571966499999
16838,212214,3041628.9368240605,0.22118458119318182
16839,224755,2629156.6783022187,0.28472117128378377
16840,230661,2223491.6810094295,0.23689904255681815
16841,235527,2646048.0917411107,0.27500978103658524
16842,220934,2657689.200976408,0.23049491708333325
16843,202527,2665208.6413486493,0.2282902867251462
16844,184704,2597662.704573672,0.22388769487179475
16845,185902,2779445.350359499,0.21165839349397583
16846,220349,3880471.863233909,0.2770835426973684
16847,215940,3966772.1824364387,0.3058182133333335
16848,227235,3984892.8377301004,0.2828688751612904
16849,212979,3852448.4485963304,0.2564449302366865
16850,217498,4783198.273530629,0.31686010606896553
16851,215821,4133256.0535995113,0.2758872364
16852,206617,4198945.523754611,0.31498075859375
16853,237807,4461914.9470583,0.36076008984251984
16854,244770,3962962.20967091,0.3556121865441174
16855,224290,3681674.875500542,0.39108314966101715
16856,216290,3095841.030488889,0.2960740829032258
16857,203633,3287558.9916284513,0.30249878714285705
16858,182177,2530526.519534321,0.25400183306122437
16859,233436,8486292.939031623,0.3320038736567165
16860,265320,9924706.546078932,0.41565010706766903
16861,277094,11003614.978868688,0.42599999851063824
16862,270206,5716209.12695653,0.586963407388535
16863,221652,3528608.9276559604,0.4155087611111113
16864,207485,7461412.16075884,0.3326643400645161
16865,234992,19515216.283606578,0.41384730160000005
16866,161739,2011705.8765547706,0.26435550148648645
16867,183255,2900051.6740983813,0.3288688559398496
16868,199741,2286635.926754649,0.29109570272727275
16869,190388,2065424.290871849,0.3254790632738097
16870,188726,2439731.629111029,0.26502753651612904
16871,189816,2364181.047289261,0.24854779412500005
16872,168013,1829899.0628472702,0.2389296340972222
16873,149803,1621259.9944442906,0.26919178894736845
16874,191341,2416469.2250018492,0.27011174828947354
16875,202471,3179154.9128203983,0.2660016313664596
16876,211992,13343936.375407567,0.3157661843421053
16877,208319,7984729.776270562,0.3285685164539008
16878,206022,5239445.107604231,0.31540420588235296
16879,177478,2190183.07291341,0.2526093399264706
16880,178143,1773449.0363275413,0.2311415793835616
16881,199006,2041577.70603486,0.29592735503597123
16882,205208,2235032.30981488,0.28809244695945935
16883,186808,2066836.8877560108,0.25739307000000006
16884,190242,2287819.4965144997,0.26222874687074843
16885,172309,2113238.6188386898,0.22399572739726029
16886,159049,1505132.4905078895,0.23419853529411766
16887,160266,1737057.9570579112,0.2251842090780141
16888,196080,2086417.6563496408,0.27148392452941184
16889,197389,2116086.67523562,0.3680933822292994
16890,201028,2032137.5717949492,0.3112479736054421
16891,206476,2188915.91051542,0.36895079895161287
16892,211922,2181489.10641936,0.34789343398692796
16893,183503,1758765.06294308,0.35729319446043173
16894,178429,1561627.9731343593,0.30691723133802823
16895,208929,2132110.885077981,0.2715771550602411
16896,216176,2257744.577003121,0.30920917270967746
16897,219290,2397382.26260875,0.3722850568789811
16898,218463,2739799.394983168,0.32183617884892085
16899,214191,2728055.143454329,0.30234298041666663
16900,196441,2249002.685777699,0.22557789493827152
16901,186929,2004292.9895296611,0.19220049502890166
16902,230040,2571238.4810936297,0.3275296539215685
16903,240206,3495580.000771882,0.34297045662162184
16904,223506,3218812.1948947688,0.2789216348780487
16905,227928,2964839.21267847,0.2735561281097559
16906,212178,3822217.7964883395,0.3213924267625899
16907,182004,3051672.7875677706,0.24726964869565204
16908,192428,2619262.3943402288,0.21696593196202527
16909,220395,3962456.693542269,0.35321216246268655
16910,226511,3705997.506888571,0.28988850580000014
16911,216780,4077380.51886435,0.2619095255151517
16912,212795,5033188.761730161,0.2835841235761591
16913,210976,5290883.164575238,0.2985226824475522
16914,185216,3426251.6973995403,0.23021507090277782
16915,183155,2223869.5947204703,0.25203526181818176
16916,217564,2719385.889026361,0.3409328366929134
16917,250744,2770136.7343105306,2.236791879602649
16918,239435,2485051.224301058,0.35745348612403094
16919,247957,2696007.3099109298,0.3675581113333334
16920,261884,2522444.2024728004,0.3159467556962025
16921,215712,1899766.4496119202,0.2799947347260274
16922,191430,1879509.5991317204,0.2225987809677419
16923,223785,2450687.7828866513,0.28746241675159245
16924,235609,2273860.0389054497,0.2971409467549668
16925,233691,2276671.25020778,0.28245409850299413
16926,229573,2161621.79433209,0.2855238694193548
16927,233232,2321255.5001131203,0.274812049382716
16928,202062,1893689.3601491007,0.2507789009333335
16929,189025,1623830.8794878805,0.2067721027976191
16930,226449,2062306.8826635594,0.2366400432748538
16931,245721,2211911.6739854096,0.3044421349367088
16932,234412,2510174.6851365888,0.3450050157142855
16933,228409,2295414.380322141,0.33634812906474826
16934,232146,2577781.0110601303,0.31304058572368426
16935,211280,1910552.8100398204,0.3333554358333335
16936,200171,2042797.0591613096,0.32815536525179845
16937,239809,2688738.833984779,0.4291892529787234
16938,238626,2703819.91509472,0.4144742737588651
16939,235014,2249920.443688209,0.38070078797385604
16940,219145,2544431.1289233607,0.4582474130833335
16941,209396,2134599.6917759506,0.3462162965771813
16942,191461,1578456.1488643698,0.4030258271631207
16943,184348,1512379.6688588893,0.23482446744565227
16944,222718,2136238.669129119,0.3040597062222223
16945,246517,2514701.1582852304,0.4049751446258506
16946,247841,3341037.904626991,0.43388049297101444
16947,219777,3582499.8791852305,0.4106997923703702
16948,215296,4124114.2018937906,0.5100150594964028
16949,193054,3665525.352473522,0.3935474380451128
16950,178742,2740859.08647322,0.3264317465306123
16951,211426,2248353.970495121,0.40175495458333316
16952,215249,2561419.977233861,0.41212003480314946
16953,234384,2351967.0541954604,0.39290194286713304
16954,231099,2342608.4972650297,0.42416809572463743
16955,234669,1938990.17388676,0.38518711119718324
16956,196665,1493595.2766407593,0.3902833010084032
16957,189802,1831988.03548366,0.25981340182352936
16958,221171,1964198.1842533997,0.3067033227058824
16959,231042,2122593.7499390496,0.37516393871428577
16960,229933,2004179.7054640898,0.35006819243055554
16961,236353,2095207.934609221,0.32251823933333346
16962,228367,2301811.9554543705,0.36675159805555574
16963,213159,1894576.3445865999,0.29644418448717946
16964,210711,2831538.6908422685,0.359074116369863
16965,251354,2757346.670114312,0.3967362429192545
16966,246829,2356791.5223166896,0.5230688931060603
16967,259202,2299856.8570480393,0.5485930725657894
16968,267870,2796295.7202941,0.5523265753020133
16969,253752,2774465.087961981,0.5295442623489932
16970,235317,2340086.5948469117,0.4466981370253167
16971,218298,2011496.9888497805,0.35674288711864416
16972,249334,2647568.483981069,0.4681166817073168
16973,248164,2849547.252537141,0.5120078912080536
16974,235641,2712263.675600641,0.611241756511628
16975,241300,3159340.643395271,0.5378853843571431
16976,237625,2795725.6777001913,0.5745618162015503
16977,206916,2121627.361008919,0.376581351234568
16978,181205,1783740.4799623615,0.37177055034246576
16979,217029,2170091.79897419,0.4203037385714285
16980,212607,1865761.0638513307,0.3944375418243243
16981,224112,1988551.2708255204,0.4225065640410959
16982,231960,2084880.7611961805,0.4166935253333333
16983,205768,2032150.9161677887,0.37219747174193546
16984,198875,2151502.29902411,0.35521159946308734
16985,177127,1737085.8400989103,0.29527177551948064
16986,213900,2599568.95010456,0.36520455139072855
16987,214959,2054743.9030296702,0.3853354791034484
16988,214691,2039637.0430972497,0.39770323814285724
16989,215548,2830532.1354254107,0.41246193956204374
16990,210701,2290691.94190389,0.3948885878620687
16991,185405,1891222.9248677795,0.3181235214093958
16992,162608,1522989.687998391,0.24718679512820513
16993,218089,2224457.9519493594,0.4009455734965032
16994,219034,2314128.3852140303,0.3578420186013987
16995,216503,2253579.818896821,0.41226053573643395
16996,217695,2097269.9291788703,0.4077050871631205
16997,216081,3349411.1444349918,0.409077700962963
16998,182192,1965918.4966454306,0.3227747743949045
16999,171013,2055306.5999192402,0.3212947195302013
17000,222835,2255407.8444238207,0.39912930452702683
17001,222146,2539145.5639285804,0.4832941739843749
17002,227429,2456917.4828613205,0.4279623222000001
17003,217606,2207379.8804939887,0.45425754962406023
17004,221404,2421306.2017505793,0.5053632231782943
17005,195796,1834612.7560081403,0.45825659229007637
17006,183735,1833030.6489573987,0.409926802983871
17007,239711,1928146.7975736703,0.532228110687023
17008,237673,2310580.4175570803,0.548792825271318
17009,235603,2515469.5568917296,0.5852665389843749
17010,234863,2460612.9358153003,0.5266945583823529
17011,231414,2139879.120469771,0.4916122883673469
17012,199484,1878531.6912354599,0.5522729061344539
17013,192254,1858564.3369622089,0.47116634285714315
17014,225049,1726830.890659661,0.4782876432026144
17015,251084,3521316.3468659595,0.5284148891558441
17016,241782,2478092.1679529613,0.4559211295783131
17017,231835,3004674.7801240804,0.45449312267973857
17018,228244,2291567.3518108097,0.4411554641420119
17019,195669,1516812.6586004496,0.3595678537951808
17020,192414,1875748.7162169996,0.45259386749999997
17021,235295,1971245.1407184196,0.58407817777027
17022,231400,2222267.8611535113,0.5991713360483868
17023,244740,2170929.4939916604,0.5002164909933775
17024,254515,2254855.172601409,0.5328151140666665
17025,232973,1924492.1327867708,0.47491279953020116
17026,214569,2049092.91864336,0.3849587301226995
17027,200174,1716569.436446861,0.3780767157055212
17028,202896,2077130.2297441803,0.4680858264383563
17029,254431,2731958.30621631,0.6154898334074073
17030,238003,1999807.9561200507,0.5994439348780486
17031,239541,2327792.8048751806,0.49656333383116885
17032,246095,2377047.791112831,0.5246728086363638
17033,208224,2097223.39722782,0.3949228731612905
17034,184904,1338909.5767391012,0.31081457085889563
17035,228373,1984740.6791983,0.4162900406329114
17036,239021,2090785.99723595,0.46025787591836737
17037,235194,2096855.2821006016,0.42519648559210543
17038,234009,2132803.99048354,0.4970327333846153
17039,226767,2092780.6053750496,0.4731025540909091
17040,191098,1464561.6220571094,0.3852381550694445
17041,174489,1302221.6349411197,0.32180045223684206
17042,225282,1714220.6337049103,0.4320771591275169
17043,252002,1814694.8115634613,0.4123812893292683
17044,225330,1777178.7690415392,0.46615565119403
17045,237372,1783667.9018492,0.4534438647857142
17046,225856,1595134.2934022895,0.37476206581699345
17047,182204,1308424.92080702,0.40912333777777776
17048,183244,1160632.75421504,0.26050317966480435
17049,227683,1713681.507035081,0.45035606121428573
17050,232118,1600893.4198783499,0.4459821665441176
17051,250809,1603741.1900379597,0.4194894474342103
17052,227006,1626880.3009321203,0.41390560465277804
17053,220532,1750914.5379224604,0.4462475739436618
17054,193320,1478034.9761718896,0.3300642236129033
17055,180391,1506619.9846632397,0.28922596750000007
17056,208649,1672258.4915522705,0.3431045690184047
17057,239886,1981907.5299684897,0.41246405466666664
17058,231800,1897616.61809998,0.39977714179487167
17059,233488,1564540.1850961095,0.3876376611038959
17060,211128,1880952.091034121,0.4603864763309352
17061,215529,1475509.5648354304,0.353619531779141
17062,191603,1626466.708798859,0.3656729358620689
17063,223540,2074708.00794685,0.49714614721804523
17064,244315,2268567.2721190103,0.45272098768211944
17065,239216,1867494.6063172903,0.39135601536144565
17066,231227,2326674.0280347,0.4448722761702129
17067,223187,2253377.4780989788,0.44160055617647076
17068,208650,2019184.9509259798,0.35514610987951795
17069,195642,1851826.5669223804,0.2680621437297297
17070,230769,2278155.601874451,0.39559218699346405
17071,240335,1737650.3142622092,0.3772018400598803
17072,234995,2545689.0569807887,0.4374615591216216
17073,242730,1838851.924488331,0.4792975934965035
17074,250943,2464312.41000339,0.48204709352112673
17075,213930,1536124.1825385105,0.37410932738853475
17076,192683,1420395.1808181002,0.3788838337588652
17077,258865,1993127.7454414202,0.4983190487417217
17078,264662,1906791.152513491,0.4495951244303795
17079,266811,2302843.299776471,0.4357990608383233
17080,274486,2291725.0066305683,0.48277329149068327
17081,266324,2368166.5996145704,0.503858610979021
17082,250672,2376975.8828804605,0.3994678801183432
17083,210548,2698212.13166017,0.3642111970000001
17084,222996,2585917.32208802,0.5470590233870967
17085,263565,2864039.2413510084,0.5809713055395683
17086,233440,2691149.3044077316,0.474391992638889
17087,229703,2088161.1922390799,0.5243832796093751
17088,239724,2021409.0601978893,0.5000993045588235
17089,210448,3408105.66958182,0.4408495577464789
17090,197876,2461115.975571439,0.4426805200769228
17091,237232,1887070.9373665906,0.57952897864
17092,251521,2509108.6806604294,0.4983250005161291
17093,199083,1937925.8640996902,0.4990519704799999
17094,270380,2465644.9687189995,0.6665569655970148
17095,265355,3172355.5347967795,0.4639091453658536
17096,216708,1351493.2184268995,0.44717359973154386
17097,191578,1877896.5169489908,0.46873773527777757
17098,226980,3736942.2349406704,0.5674524502097901
17099,237030,3108006.8343667407,0.7128874223741011
17100,223273,2161575.085612839,0.8947630205797098
17101,326388,3492141.359202219,0.6854442930246916
17102,250876,1564832.9698964206,0.5406968125657892
17103,229689,1503224.7517096596,0.49102917577181193
17104,207982,1342234.9745533098,0.37271641755952384
17105,241778,1806193.776526761,0.519099433469388
17106,246650,1846449.7825595508,0.5477989004861111
17107,268418,4781474.412640229,0.597927889849624
17108,272375,6817843.225560693,0.5099321444516126
17109,248043,5890890.019153059,0.7270677174137934
17110,238219,5803631.619992018,0.5017367218367348
17111,225523,5396545.997812787,0.46267387575163393
17112,274281,4470465.953854689,0.6251703937671235
17113,296060,3497745.19994558,0.5281382199408281
17114,270095,2694658.1042946097,0.5696053473469389
17115,271374,1759909.0042750104,0.4898384952380954
17116,254619,1395606.56764894,0.44628236411042943
17117,228886,950069.9317598402,0.39223429327380976
17118,219658,1119663.731203941,0.4413322880985914
17119,270506,1547251.3493759097,0.46177994558139535
17120,280352,1759582.2338065,0.5221710169871795
17121,289789,1956468.2885449897,0.46470954204678344
17122,277460,1604094.5062833193,0.5599789670440251
17123,275925,1605921.9557459396,0.5644903502027027
17124,249760,1119382.0302716698,0.5080810877464789
17125,243591,1161609.4121304497,0.56994946125
17126,285793,1560261.71993762,0.6828780242446042
17127,285635,1711822.4695045403,0.7576197894029856
17128,276924,1723439.7029470797,0.7411596280272107
17129,329602,1882202.6210590703,0.8383886557407408
17130,315387,1465067.3963312996,0.9083663004605257
17131,277200,1203291.5128327594,0.6641031907189541
17132,237389,950718.2639120903,0.5635681865277777
17133,298530,1514724.1916300799,0.6681456193292683
17134,289983,1400307.5331356493,0.6780787922818787
17135,292654,1366660.3885926001,0.7011812875352116
17136,239682,1513280.7538722204,0.703463099246575
17137,315451,1784518.4530942,0.8433066212587412
17138,287988,1235161.9521958793,0.5879957422093025
17139,245650,916341.4213866196,0.6259335585135137
17140,278001,1721222.6725040197,0.6981915424999997
17141,319762,1651414.7114709497,0.7965158358666662
17142,310754,1547890.8933364896,0.6183521456896549
17143,282711,1425236.2962090299,0.6129869881528665
17144,268815,1526017.1275392405,0.713369336074074
17145,250241,1170744.7486714195,0.6578961997727273
17146,229933,1060663.6545238704,0.410127856631016
17147,268662,1692640.2805041987,0.5969641064102565
17148,291757,1566232.6103676697,0.5486277037640451
17149,286328,1655833.7946013503,0.6821593348201441
17150,282685,2047186.3056528089,0.7908046823622049
17151,279361,1883877.6928081305,0.7336771106766915
17152,237982,1321218.2389452201,0.564601629027778
17153,235789,1411672.8955439203,0.5731886081560286
17154,282109,1845653.3932367698,0.6880674464900663
17155,296473,1939201.3316321012,0.7385890447826087
17156,325677,2851534.3441744,0.7227989045911944
17157,314644,2459189.6019281796,0.6677783197484278
17158,304997,2633796.22254997,0.6611033878289474
17159,240820,1526634.4165826896,0.6100964976642338
17160,197443,1094509.1705908303,0.3754884360606061
17161,244914,1513037.0403767298,0.6195238995070423
17162,296546,2242009.7289246605,0.6380267575
17163,305394,2063689.6919172122,0.636296583902439
17164,304605,1781841.8284387498,0.7148716044666666
17165,286818,2207636.6787029793,0.63897276433121
17166,250273,1379308.8709097889,0.5562723801351351
17167,180502,1084340.8848788294,0.4171762745512819
17168,290951,1573981.6153731793,0.709963186100629
17169,301664,1950525.3549719313,0.7165164436585364
17170,328642,2482037.820849921,1.263643373856209
17171,288501,2998215.111547601,0.8213710180000001
17172,346405,3100652.30632102,0.7936069685714282
17173,282120,2149653.202597559,0.7704909165942029
17174,260101,1679995.29932851,0.5463553784431134
17175,269947,2095379.0552249202,0.7503376959558826
17176,323888,2359325.550482129,0.749630443375
17177,303058,3980330.053634088,0.7308553898692809
17178,295125,3521724.143203361,0.6133949316279068
17179,272829,2362488.63943799,0.6467310268000002
17180,242269,1500321.7196031495,0.5049805927906976
17181,235999,1725125.55521011,0.49236120113772425
17182,267640,2087940.5458589003,0.6132704310650886
17183,292697,2310740.4893634794,0.6923610950632908
17184,297124,1933632.8188069395,0.7195569373333335
17185,300605,2603895.11021261,0.6459524896551724
17186,298377,2588414.222851902,0.5547599732804233
17187,263562,1533463.2328731704,0.5225946554143649
17188,236886,1135726.9318157297,0.500660146551724
17189,235530,1522815.6675436,0.789940051521739
17190,278177,1956073.135711529,0.9608403389261739
17191,304727,1930677.6361900805,0.9060945152348995
17192,313724,2112674.5700562606,0.7969850016774197
17193,263332,1800256.1783777098,0.670845402176471
17194,246395,1249362.2532299696,0.8061517717105264
17195,241627,1375857.6144129308,0.7175916065868266
17196,247311,1462027.0618879101,0.9386419786111109
17197,307683,1791768.7798226695,1.0045626822758618
17198,350560,2078948.6165492712,0.8068571479166665
17199,259559,1851685.6656797205,0.906372952929936
17200,323563,2438292.660807671,1.090075215033557
17201,284485,2118713.0231455294,0.962646863125
17202,292101,1800248.4422885315,0.8564697840880501
17203,230027,1679402.4165571195,1.2394416139999997
17204,325268,2038903.5220767604,1.130839148278145
17205,308316,1959826.1062862095,1.0763351715068499
17206,346544,3197018.8721855,1.030684539526628
17207,301789,2744074.819233491,0.9508786082312922
17208,262686,1418142.3980542296,0.8423022284892091
17209,237744,954999.5675678102,0.7322182804285717
17210,288290,1591074.6455523593,0.8390946144171784
17211,315084,1925169.9731827094,0.8342681411834318
17212,294786,1750347.6836485101,0.9643805028057556
17213,283147,2986424.42676298,1.1248037569536424
17214,319767,2501945.957736141,1.0983074429139075
17215,286143,1248556.85912769,1.0081391921854297
17216,251721,1419255.2931655291,0.9659983523134327
17217,282728,1561277.9146809895,1.0805000971621617
17218,279090,1754148.4096731395,1.201572986014493
17219,282194,2548904.0338184093,1.3190993132608697
17220,325913,3342958.486968841,1.411031494933333
17221,343701,1928647.4466500895,1.3906648757668716
17222,326521,1233214.1552954803,1.145534011796407
17223,265203,1128100.2665072903,0.9054640517415733
17224,284555,1881223.0502054691,1.3568573711111112
17225,325414,1954778.738338759,1.486088054248366
17226,315883,2493836.0670525804,1.5943775481249995
17227,329428,2742003.358449419,1.606539106560509
17228,337310,4558368.402041782,1.7197752443046355
17229,266337,1974642.4267448806,1.6692945349242425
17230,280739,1232770.7408362902,1.4741237125170072
17231,287731,1915378.9598043703,1.6829643388732394
17232,327902,2099918.9417359,1.7632151173202617
17233,297108,2522734.84456735,1.645991283802817
17234,303632,5699545.523276751,1.5991336859459457
17235,308482,2751691.9046680313,1.6533203612820522
17236,280681,1651256.1743003395,1.4608571628859062
17237,221110,1201859.2665081306,1.229863222709677
17238,273079,2089770.02013271,1.5224201743448273
17239,310395,2703063.8504381706,1.6444340582051278
17240,292434,2274799.1552318996,1.6637677438028171
17241,327034,3316344.040463439,1.7290953025490197
17242,292196,3122262.975782378,1.588240373636363
17243,263530,2599334.28131555,1.3825331549044584
17244,269336,6345239.356755611,1.2825935500606058
17245,277033,3296575.009790409,1.7732196847794124
17246,288055,6200927.72223978,1.750962066901409
17247,316593,5240108.8622503895,1.6719825667924533
17248,287871,2379458.0319220196,1.594581596891892
17249,289521,3876256.75352733,1.3156278512500004
17250,242975,3359560.98986217,1.368478583157895
17251,221915,1772687.2730564992,0.9316371944578318
17252,232291,2337117.33448516,1.476089298030303
17253,294001,2332205.3107115286,1.5046565394838702
17254,283931,1812147.8426291202,1.5430130233333335
17255,288788,2164789.7447987,1.2402712612195121
17256,259403,3573848.9636843805,1.6094593105925925
17257,255871,2859605.755889969,1.4442623668181818
17258,244203,4026308.7361733383,1.1439013021518984
17259,288141,4163240.2137806304,1.2559044884659087
17260,256015,2476603.4983991506,1.602422760960001
17261,316555,2295660.849947259,1.458633422407408
17262,290465,2045375.1945959402,1.5082977491836738
17263,295463,5893220.186293702,1.389795017407408
17264,226959,9838136.840906389,1.2526497865693424
17265,238286,1512371.72667516,1.0569798132704407
17266,273384,2077781.8969505508,1.3419446682312923
17267,307893,2024632.2066153905,1.3553693196407184
17268,278093,2068435.8826554504,1.4940507859154932
17269,228679,2143228.0054579307,1.7060445269291342
17270,290208,2216168.370311212,1.6941328440287775
17271,270705,1610347.3036073414,1.3436904382666668
17272,211829,1902570.09487092,1.0880566909589047
17273,245184,2451805.094945659,1.3096256897101446
17274,303091,2456420.9545616508,1.5082662551369865
17275,310104,2176695.989988849,1.465240275664336
17276,267915,2222758.1160467197,1.6548954873188404
17277,330354,2339052.3566568787,1.4634076079041916
17278,268712,1746209.312326869,1.243727708620689
17279,245039,1577942.2995459905,1.1089744783660125
17280,222671,1940799.63446908,1.515817579112904
17281,325411,3244428.7521917904,1.8355336686486488
17282,334471,2429753.95319411,1.6591090042483658
17283,297884,2636893.4472629493,1.7445395626530615
17284,305271,2454474.3237198098,1.8359132011764712
17285,341319,2085973.14816435,1.4819449781502887
17286,282545,1788465.6983290398,1.3236321664238409
17287,294786,2509004.846426539,1.5183257706666677
17288,333161,2531694.3052270715,1.7258206444936703
17289,295149,2625551.8357982296,1.873815735454546
17290,354737,2892428.8581555197,1.8279504804166666
17291,267193,2863316.310764661,2.0256719731782944
17292,363022,2713257.08179427,1.7653195991666675
17293,316011,2213326.70430991,1.6588967084431143
17294,365096,3877215.600557889,1.758053071111112
17295,332879,3162517.2513916693,1.954590539548387
17296,311391,3874769.7849967596,2.0490875604729735
17297,294743,3043753.1575301387,2.0709646602962954
17298,317698,3073037.6921919584,2.091237502402597
17299,328052,3001082.7260875828,1.9010621451898735
17300,369098,2545656.4177374,1.8138794171341464
17301,329268,3104056.787574721,1.9253729516470588
17302,233977,2799129.21608075,2.601583375681818
17303,317527,4046479.1362403,3.1350716916129024
17304,288904,3210225.944673411,2.760714177112676
17305,319502,2945763.6820133505,2.7000727682926824
17306,351710,2803148.6115860413,2.348499746545455
17307,326057,2312823.3712422396,2.3999214719047615
17308,327868,3323799.864558501,2.785192071164383
17309,367710,4112953.8893806776,2.787997431785714
17310,338642,3588186.5207052594,3.0710390708441575
17311,350114,3530884.9287766,3.0606100032515324
17312,333340,2804635.98055144,3.0705637232026155
17313,331914,2657377.951404498,3.1477846559523823
17314,308143,2786546.0682674088,2.5544547273333342
17315,321638,2525128.9645848894,3.277512686026491
17316,347961,3826430.148164131,3.287083245530727
17317,321634,3330411.6244227123,3.4781698439024393
17318,319709,3357411.2305946294,3.3474708533529416
17319,271539,2928808.5426262496,3.220218698904108
17320,305320,3233909.0777739086,2.841912780572916
17321,266044,3486275.1639649593,2.7453015873291933
17322,289930,3259528.681136471,2.8990124501219507
17323,297416,2545677.655110579,3.386345269139074
17324,339720,2630808.405392081,4.0492851354545465
17325,307377,2395589.20058031,2.975699644848485
17326,282184,2596621.0941893705,3.0169546352317878
17327,254993,2449118.61011924,2.7723690290780167
17328,222892,2301534.231172358,2.439179793013699
17329,269098,2893538.970918,2.788193002040817
17330,291776,3332828.0480717407,3.4002821022695033
17331,287615,3266805.3654929004,3.2481397562142846
17332,293141,3066425.9011985213,2.84577423379085
17333,269937,3448634.1205712603,2.536158079459458
17334,236554,2338185.940322159,2.1475746151034487
17335,209359,2263317.856159519,1.917210997241379
17336,269774,3071769.1186712007,2.5639923605960258
17337,269521,3020455.9458973086,2.812657010797101
17338,280151,3626409.69070217,3.305099744142858
17339,269685,3267161.4280655705,3.216583428345322
17340,259938,2401755.515124929,2.1184983058749998
17341,227127,2254175.1962505993,2.104170160000001
17342,180719,1868429.0466560305,2.1203966059016395
17343,261906,3779418.8956992393,2.6412434925352106
17344,258393,2770137.3862816202,2.808264046641222
17345,279811,2823966.1278809914,2.4577071599363065
17346,231054,3186635.15883391,2.845004479833333
17347,267360,3475033.63820546,2.319298088246754
17348,221919,2317247.74093653,1.5570033957317064
17349,196539,1799632.148461331,1.0524445901063828
17350,253244,2832034.603038961,1.6659418892941171
17351,255483,2286343.304673591,1.9211389458823533
17352,237008,2513987.238110519,1.5155758848993282
17353,225106,2215848.591387501,1.7008493317605633
17354,243614,2453741.077153039,1.6260521111486488
17355,220835,2699738.7709977385,1.1661323079999997
17356,188124,2367596.8213848006,1.1393335571739132
17357,251722,3269080.456518252,1.0435152599492388
17358,265759,2896549.04491078,1.199862273063584
17359,257138,2631445.6766256294,1.2562259720903957
17360,245895,2516299.9947532313,1.3426126193630576
17361,227903,2601799.8791109985,1.5494794546043162
17362,221851,1958573.7180433788,2.9791934525196857
17363,203165,2035268.6911175593,1.0241013684662572
17364,230315,2658035.6130163786,1.338084968986486
17365,260575,2653766.9679890107,1.360717998
17366,253768,2509365.8278620397,1.3530351582550337
17367,230199,2443211.00041247,1.4152604652469138
17368,268443,2264274.4813572294,1.6216863478571424
17369,223358,1793088.27485509,1.0689807495
17370,181031,1600323.6510875698,0.7289356873255817
17371,240072,2393466.60029161,0.9379973586516853
17372,244036,7336256.312766142,1.138465762972972
17373,237853,3704928.86247153,1.1396926527891162
17374,225369,2481256.0855952795,1.0796790232467535
17375,247207,4203872.0897244075,1.2562088218000003
17376,211134,4134542.0244345586,0.996602886815287
17377,184145,8866222.524482049,0.9395702181632656
17378,231012,2947402.790447719,1.3439232153793101
17379,131875,2633798.1521186605,0.509708862214765
17380,209321,2820428.458978891,0.8586503737499998
17381,213017,2133227.0786210005,0.899318508768116
17382,235792,2329716.153259988,0.6339175207262572
17383,239771,1958602.78141455,0.6416202652542373
17384,199627,1759850.474660349,0.6279028527142857
17385,249002,2359919.5731526897,0.796251580588235
17386,275574,2700000.2599130482,0.9698970149999996
17387,260963,2423192.9355178587,1.1445628464492752
17388,257965,2835042.937826069,1.441686588432836
17389,284001,3229999.644360409,1.6315604323611115
17390,260521,2414521.117501019,1.561128904814815
17391,263310,2243479.2624867605,1.2818313949324327
17392,255362,2822187.0421731775,1.9168328755384616
17393,311002,2679106.222407548,2.3055946225657897
17394,274866,2954985.445129641,2.6732692972307674
17395,347319,2790880.552186938,2.0408734584916206
17396,312250,2669279.0087607303,2.268200826375839
17397,266832,2352589.9386698906,1.7610052896688737
17398,210852,1783558.8404568008,1.6075538176153843
17399,236772,2497994.7044261293,2.590999693565218
17400,196283,1843217.5277262598,3.754884776516853
17401,315734,2363819.52862018,3.4086206337106923
17402,203805,1648686.5401842997,3.8217745962376233
17403,208169,1419457.7648543608,4.2159988043564365
17404,226485,1402892.592322569,4.0506011623809535
17405,261891,1285150.4255827798,2.315114372258064
17406,223771,1720458.1798211401,2.931616022015504
17407,281116,1958313.3008966097,3.0990613533557054
17408,271466,1638679.8169441202,2.3124853013095237
17409,280724,1789355.6761299607,2.535060717239263
17410,283670,1802440.9260598186,2.199666703505748
17411,236811,1580305.8470053792,1.7713369507926833
17412,195289,1424953.24126513,1.5528264278571424
17413,269280,2420753.3961503217,1.8594381725714284
17414,277948,6493150.03892282,1.4309888483248727
17415,276225,2520446.76902912,1.682715296111112
17416,256374,2233112.2753199604,1.4621351974431815
17417,279488,2168325.6950336397,1.2443755692000005
17418,217890,1849746.7984408985,0.857103054852071
17419,193240,1623220.0488303192,1.0379595648550726
17420,253492,2692005.4977161507,0.9180105195977007
17421,256230,2430941.86072376,0.7920635968085108
17422,263320,2831212.884001216,0.7038499301052631
17423,268068,3200145.08440588,0.883534688965517
17424,292079,3534612.48517044,0.9712035993333337
17425,228257,2240646.893633249,0.7095728133727811
17426,197683,1738874.8785099399,0.5648332955113639
17427,218204,2333957.2942509996,1.3252606327559056
17428,282917,1923284.6053909394,1.1134834313461541
17429,235723,1939586.8640649903,1.2513419617948718
17430,255257,1932727.5893414493,0.774709341818182
17431,227615,1875335.22969155,0.8429076841726618
17432,203861,1314508.0804098903,0.6005774581325305
17433,185277,1119276.9701170197,0.5770703064827586
17434,226603,1995684.9213996101,1.178963974
17435,263648,2093406.99110012,1.087576893695653
17436,257961,2168984.5793384896,0.9761813100680276
17437,275976,2302851.1009650007,0.7596135719774008
17438,254438,1960682.7471283418,0.6824388310650886
17439,212678,1660940.9198602096,0.7350830284782611
17440,203653,1439109.2550996102,0.9157961379999999
17441,295002,2028711.6493514404,1.2031549329999998
17442,282132,1622695.2826355107,0.8335214144262295
17443,232760,1466123.3876787394,1.020122325970149
17444,273243,1666611.72672148,1.28275392248
17445,283802,1382813.2905878806,0.9370203695597491
17446,231226,1055525.54442849,0.6849086349367091
17447,238385,1273611.936975471,0.6142663464285717
17448,296946,2564018.8772409107,0.9275837674534156
17449,303101,1952289.667742721,1.0453638118750006
17450,292459,1778444.1616999204,1.065992027553957
17451,293164,1979554.7663970198,1.1399641483660126
17452,310499,1975050.4015474692,2.072278030367646
17453,293140,1518393.1959652302,1.6141534674468085
17454,283473,1324663.9636247691,0.8343965548717948
17455,314725,1925205.5637293002,1.1116060970689654
17456,334438,2826171.9371507,1.2752272035365861
17457,329579,2154353.2619008496,1.2728653748344372
17458,356985,1911311.867480381,1.0759123352808986
17459,312409,1927247.4210609882,0.9048739975419
17460,312257,1562588.5997405695,1.0965183083006538
17461,289131,1499204.49492528,0.8534721441208781
17462,316096,2994818.3370452,1.0856394122222215
17463,347220,2586032.1080846796,1.1963507132934126
17464,315415,1984823.1803552196,0.7674344617837838
17465,265827,1743919.65748384,0.6258362087777778
17466,246692,2003977.22489855,1.60257173048077
17467,207066,1417695.8119422796,2.059273892235294
17468,334025,1659959.9050979305,1.8107605520129864
17469,316077,1855584.22744581,1.7931358791836738
17470,277535,1916686.4766408103,1.6803985454347823
17471,351529,2191308.3154598814,1.9034461808974363
17472,341474,2251378.1650026604,1.8506052984000008
17473,277598,3036929.60935422,2.2838138878151253
17474,294121,5765969.345056167,2.1019209923076922
17475,251728,6077425.121549912,1.4018184347517735
17476,271029,2782648.5863318904,1.8070518596240592
17477,335636,3523838.1158675416,1.8854314997435893
17478,301346,4267323.334968599,1.820620772430555
17479,341281,2237809.571659648,2.3616335947058817
17480,271745,2333950.7739592306,2.6664413099166677
17481,194634,1664880.3697129192,3.963224085375
17482,185966,2087930.627145491,7.295130838625001
17483,309299,4374153.699818109,5.59561617435714
17484,271995,3861149.0369285797,4.805366243828124
17485,321788,3422899.060380371,3.970460276184208
17486,310396,3817994.312450762,3.306843810394737
17487,306617,3818219.593087523,2.402194207485029
17488,270874,2716113.8975230707,2.1322675908088233
17489,264855,5442164.823223411,1.5465221508749996
17490,336204,4224222.225232289,1.8801038529714291
17491,371091,3637233.5218977397,1.7936216868208092
17492,312033,3507780.8381606326,1.732453934324324
17493,352207,3406958.9905002103,1.6937552174522295
17494,305735,2677848.8511164202,1.5673589743624163
17495,336689,2899917.6532505597,1.2541010594230768
17496,329677,2050315.3076724897,1.2498174983660135
17497,379256,2426385.16650855,1.391194606470588
17498,365977,2880931.738889578,1.571993035320512
17499,398090,3262042.942403961,1.6815151897687863
17500,384386,2697792.3267182005,1.6205457728742512
17501,412908,2319117.914628281,1.3500104131147537
17502,326354,2142790.4172374615,1.1819618224844717
17503,353044,1870464.1043292203,1.0650633110227272
17504,400686,2613354.179302031,1.2492812686740329
17505,405709,3015982.7650861307,1.2341559213483149
17506,443587,3531510.9812753615,1.3679252887234041
17507,374917,3449008.9583480507,2.398721085657895
17508,385092,2492427.0135984095,4.111728620448718
17509,403399,2895169.904104559,3.2591288761494255
17510,341420,1987675.08041952,2.7932944933536583
17511,368598,2687922.7701092283,2.8282962028070178
17512,372977,3302129.2571241,3.448359481602565
17513,424579,3267550.7083999584,3.2489136838709656
17514,490644,2943542.6467269594,3.484367266540539
17515,405676,2756649.279522419,3.5071238668639038
17516,364222,2356102.92275223,3.1228735869590634
17517,391910,2389062.9552427405,2.8942631098378384
17518,394239,3005751.29995242,3.225964195934065
17519,378622,1984897.72988429,4.732825038285712
17520,370277,2227875.17809029,6.702880461544117
17521,335482,1791086.4293815696,8.551224775606062
17522,380648,1901698.9501868302,9.651267595741935
17523,308211,1781229.2635827407,7.666299243453237
17524,279523,1427328.5249332103,5.796851071315786
17525,228926,1810627.0979856602,5.106625274370369
17526,247440,2185221.900592791,5.1100268884507045
17527,307642,2323583.6184024108,5.030878996923079
17528,305053,2067417.47415754,5.2740529642953025
17529,353824,2311057.659228421,4.762394240181817
17530,344407,2243962.3438669103,5.211368093197277
17531,290422,1638125.5462511592,3.3444449461349683
17532,241757,1683244.8294273794,3.0090579260256405
17533,340980,2536938.5956595894,3.7962864108771943
17534,395963,2816884.6123767914,4.775066704394905
17535,425008,2737825.461338838,4.632506516488098
17536,342707,2921230.7344249594,4.904587553146853
17537,358847,2979615.0856944597,4.133797057380953
17538,368187,2757179.424613141,4.235271620308641
17539,345672,2520926.89168356,4.1838940090361465
17540,360265,2246011.7290694504,4.587915870731708
17541,347393,2162979.7607519804,4.339311451024096
17542,337959,1858450.4809544096,3.6136830753367892
17543,300091,1779515.7181441302,3.4698640121910116
17544,265735,1365097.6952472501,3.5467538323489927
17545,235045,1269172.7992696294,3.1698352569677417
17546,273623,1497810.1681461295,3.4007841186
17547,303725,2889286.58911243,3.8137261640880515
17548,315771,2469526.1942498414,4.042495128862276
17549,309495,2156724.2005385803,3.7970955800578023
17550,243619,1953499.5091541414,2.9787272381212118
17551,240611,1460377.6995824,2.4123775140449464
17552,215622,1108525.07146823,1.836164151283423
17553,245562,1525531.9958050896,1.8839074219760479
17554,271936,1539514.4596591291,1.6155819501694917
17555,250423,1502763.7138705708,1.6107846532386354
17556,236580,1357490.3166382709,1.397813078734177
17557,220459,1702177.3888898704,1.3492401029677414
17558,193578,1363301.0679762,1.071685946624204
17559,213446,3128906.0963193104,0.9831952893670891
17560,232176,1941048.85270311,0.9848049271621622
17561,236609,2359671.2661202606,0.9598856518562866
17562,204276,1785708.4863885487,1.3863780876923077
17563,257664,2190613.2751607005,1.3376721557499998
17564,235918,1460796.3795950694,1.6331106097023809
17565,194891,910042.4792161401,0.9299225909493667
17566,173687,972248.5046674005,0.625374708539326
17567,216363,1848912.7144976496,0.9392837899459459
17568,244120,1914332.6163105199,0.9662940335882348
17569,213719,1160111.9124695593,0.8760361062411345
17570,173289,1171509.55403524,0.671641255648855
17571,177860,1144162.6723483105,0.6545500091111112
17572,181783,1537986.3999400993,0.6209486446153848
17573,147208,1398605.0538488394,0.4103614799999999
17574,186918,1674741.82471679,0.4215042827710843
17575,182984,1315762.8993892495,0.41812959097560987
17576,196417,1557016.9789731994,0.3561925656983239
17577,198183,1418774.1836620292,0.489160725114504
17578,187738,1102895.6594493696,0.3710645506369427
17579,173789,1473900.1896814003,0.32643458979865764
17580,159495,1639023.5806695893,0.27520543709876527
17581,187367,1789525.5911939908,0.3142476043209877
17582,198455,1268017.8793299207,0.3704306790780143
17583,205201,1325803.3398178504,0.2407252521301775
17584,183235,1494875.8015491294,0.2523639506711409
17585,185193,1010312.5958516595,0.4996493644594594
17586,154534,746134.7535566402,0.6628115106896547
17587,144869,605383.3205730299,0.2423427077777778
17588,186474,845197.4917440801,0.3275911446099291
17589,219624,945506.2459620397,0.31591116718749984
17590,189223,1383087.9730350499,0.33096185574193543
17591,233744,1322629.8780572405,0.31548936981818193
17592,195073,975776.2727641502,0.26931903730769224
17593,177024,789724.2893733401,0.21090999466666657
17594,160231,623927.2496279001,0.22612068898648632
17595,201438,902570.3509731297,0.2988683256375839
17596,206016,939487.0739076094,0.23871815416666647
17597,213978,931240.7431746701,0.22189621910828036
17598,196422,1018318.3493471103,0.21994321407407402
17599,198180,1207455.6559426805,0.23867083150684937
17600,156228,625890.0684930402,0.2876658834285715
17601,150884,784076.1042838502,0.2588913971895426
17602,188394,1019469.3170703001,0.20787474987577637
17603,196140,1602213.51617498,0.3840271439873419
17604,191042,1039106.5755574699,0.25722476784722226
17605,206186,1948801.6888778196,0.2544878353472221
17606,186979,1047182.6781445004,0.19007545333333342
17607,154496,2430655.8180034906,0.14439877335570472
17608,164401,1620373.9702444102,0.167767802847682
17609,191528,1333185.1596947897,0.1985848311612904
17610,195168,1115427.34148069,0.24707936614173243
